 STN,YYYYMMDD,   HH,   DD,   FH,   FF,   FX,    T, T10N,   TD,   SQ,    Q,   DR,   RH,    P,   VV,    N,    U,   WW,   IX,    M,    R,    S,    O,    Y
380,20220615,   24,   40,   50,   50,   70,  175,  156,  104,    0,    0,    0,    0,10180,   83,    8,   63,     ,    5,    0,    0,    0,    0,    0
  380,20220616,    1,   30,   30,   40,   60,  162,     ,  108,    0,    0,    0,    0,10183,   75,    8,   70,     ,    5,    0,    0,    0,    0,    0
  380,20220616,    2,   30,   40,   40,   50,  153,     ,  105,    0,    0,    0,    0,10186,   75,    8,   73,     ,    5,    0,    0,    0,    0,    0
  380,20220616,    3,   20,   40,   40,   50,  148,     ,  101,    0,    0,    0,    0,10190,   75,    1,   73,     ,    5,    0,    0,    0,    0,    0
  380,20220616,    4,   20,   30,   40,   60,  145,     ,   93,    0,    3,    0,    0,10195,   75,    1,   70,     ,    5,    0,    0,    0,    0,    0
  380,20220616,    5,   20,   40,   40,   60,  153,     ,   94,   10,   31,    0,    0,10201,   80,    7,   67,     ,    5,    0,    0,    0,    0,    0
  380,20220616,    6,   30,   40,   30,   60,  166,  120,   94,   10,   85,    0,    0,10207,   79,    1,   62,     ,    5,    0,    0,    0,    0,    0
  380,20220616,    7,   50,   40,   40,   60,  177,     ,   88,   10,  144,    0,    0,10213,   80,    8,   55,     ,    5,    0,    0,    0,    0,    0
  380,20220616,    8,  330,   40,   40,   60,  187,     ,  110,   10,  200,    0,    0,10221,   80,    0,   61,     ,    5,    0,    0,    0,    0,    0
  380,20220616,    9,  350,   30,   30,   50,  203,     ,   93,   10,  243,    0,    0,10224,   78,    0,   49,     ,    5,    0,    0,    0,    0,    0
  380,20220616,   10,   10,   40,   40,   70,  212,     ,   70,   10,  287,    0,    0,10228,   81,    0,   39,     ,    5,    0,    0,    0,    0,    0
  380,20220616,   11,   50,   50,   50,   80,  222,     ,   77,   10,  313,    0,    0,10228,   80,    0,   39,     ,    5,    0,    0,    0,    0,    0
  380,20220616,   12,   60,   40,   40,   70,  228,  180,   83,   10,  327,    0,    0,10228,   81,    0,   39,     ,    5,    0,    0,    0,    0,    0
  380,20220616,   13,   30,   30,   40,   80,  237,     ,   92,   10,  322,    0,    0,10232,   81,    1,   39,     ,    5,    0,    0,    0,    0,    0
  380,20220616,   14,   20,   40,   40,   80,  236,     ,   84,   10,  298,    0,    0,10230,   81,    8,   37,     ,    5,    0,    0,    0,    0,    0
  380,20220616,   15,   60,   40,   30,   80,  244,     ,   93,    9,  247,    0,    0,10231,   82,    8,   38,     ,    5,    0,    0,    0,    0,    0
  380,20220616,   16,   30,   30,   40,   70,  234,     ,   88,    7,  169,    0,    0,10230,   82,    8,   39,     ,    5,    0,    0,    0,    0,    0
  380,20220616,   17,   10,   30,   30,   60,  230,     ,   91,    4,  103,    0,    0,10228,   83,    8,   41,     ,    5,    0,    0,    0,    0,    0
  380,20220616,   18,   50,   40,   30,   60,  222,  215,   92,    7,   81,    0,    0,10230,   83,    8,   43,     ,    5,    0,    0,    0,    0,    0
  380,20220616,   19,   70,   30,   30,   50,  212,     ,   91,   10,   46,    0,    0,10230,   83,    5,   45,     ,    5,    0,    0,    0,    0,    0
  380,20220616,   20,   60,   30,   30,   40,  192,     ,   97,    0,    3,    0,    0,10234,   83,    8,   54,     ,    5,    0,    0,    0,    0,    0
  380,20220616,   21,   70,   20,   20,   30,  185,     ,   98,    0,    0,    0,    0,10238,   83,    8,   57,     ,    5,    0,    0,    0,    0,    0
  380,20220616,   22,   80,   20,   20,   20,  164,     ,  101,    0,    0,    0,    0,10241,   80,    8,   66,     ,    5,    0,    0,    0,    0,    0
  380,20220616,   23,   90,   20,   20,   20,  167,     ,  103,    0,    0,    0,    0,10241,   80,    8,   66,     ,    5,    0,    0,    0,    0,    0
  380,20220616,   24,   90,   20,   20,   30,  159,   95,  100,    0,    0,    0,    0,10239,   80,    8,   67,     ,    5,    0,    0,    0,    0,    0
  380,20220617,    1,  990,   20,   10,   30,  149,     ,   99,    0,    0,    0,    0,10239,   75,    8,   71,     ,    5,    0,    0,    0,    0,    0
  380,20220617,    2,  140,   10,   10,   20,  131,     ,   98,    0,    0,    0,    0,10240,   75,    8,   80,     ,    5,    0,    0,    0,    0,    0
  380,20220617,    3,  190,   10,   10,   20,  134,     ,   96,    0,    0,    0,    0,10242,   75,    8,   77,     ,    5,    0,    0,    0,    0,    0
  380,20220617,    4,  160,   20,   30,   40,  162,     ,   96,    2,    5,    0,    0,10241,   81,    8,   64,     ,    5,    0,    0,    0,    0,    0
  380,20220617,    5,  160,   20,   20,   40,  174,     ,   99,    8,   35,    0,    0,10241,   81,    8,   61,     ,    5,    0,    0,    0,    0,    0
  380,20220617,    6,  190,   20,   20,   40,  177,   78,  114,    4,   51,    0,    0,10242,   80,    8,   67,     ,    5,    0,    0,    0,    0,    0
  380,20220617,    7,  160,   30,   30,   40,  198,     ,  114,    4,   85,    0,    0,10235,   83,    7,   58,     ,    5,    0,    0,    0,    0,    0
  380,20220617,    8,  190,   30,   30,   50,  226,     ,  114,    7,  171,    0,    0,10238,   82,    8,   48,     ,    5,    0,    0,    0,    0,    0
  380,20220617,    9,  200,   30,   30,   40,  238,     ,  110,    9,  218,    0,    0,10237,   81,    2,   44,     ,    5,    0,    0,    0,    0,    0
  380,20220617,   10,  200,   30,   30,   60,  252,     ,   98,   10,  277,    0,    0,10236,   81,    4,   37,     ,    5,    0,    0,    0,    0,    0
  380,20220617,   11,  210,   20,   20,   50,  266,     ,  102,   10,  304,    0,    0,10233,   80,    8,   35,     ,    5,    0,    0,    0,    0,    0
  380,20220617,   12,  180,   30,   30,   70,  276,  171,  100,    9,  311,    0,    0,10228,   81,    8,   33,     ,    5,    0,    0,    0,    0,    0
  380,20220617,   13,  220,   40,   30,   70,  284,     ,   96,   10,  310,    0,    0,10222,   80,    8,   30,     ,    5,    0,    0,    0,    0,    0
  380,20220617,   14,  260,   30,   30,   60,  288,     ,  115,   10,  283,    0,    0,10218,   82,    8,   34,     ,    5,    0,    0,    0,    0,    0
  380,20220617,   15,  240,   40,   40,   70,  291,     ,  123,   10,  235,    0,    0,10213,   80,    8,   35,     ,    5,    0,    0,    0,    0,    0
  380,20220617,   16,  250,   40,   30,   70,  293,     ,  125,   10,  202,    0,    0,10207,   82,    7,   35,     ,    5,    0,    0,    0,    0,    0
  380,20220617,   17,  240,   30,   40,   60,  290,     ,  114,   10,  151,    0,    0,10204,   82,    7,   33,     ,    5,    0,    0,    0,    0,    0
  380,20220617,   18,  240,   30,   30,   60,  282,  266,  120,   10,   90,    0,    0,10200,   82,    8,   36,     ,    5,    0,    0,    0,    0,    0
  380,20220617,   19,  230,   30,   30,   70,  269,     ,  122,   10,   36,    0,    0,10200,   83,    6,   40,     ,    5,    0,    0,    0,    0,    0
  380,20220617,   20,  230,   30,   30,   40,  255,     ,  123,    2,    6,    0,    0,10201,   83,    8,   43,     ,    5,    0,    0,    0,    0,    0
  380,20220617,   21,  200,   30,   20,   40,  232,     ,  126,    0,    0,    0,    0,10200,   82,    3,   51,     ,    5,    0,    0,    0,    0,    0
  380,20220617,   22,  200,   30,   30,   50,  226,     ,  129,    0,    0,    0,    0,10196,   83,    8,   54,     ,    5,    0,    0,    0,    0,    0
  380,20220617,   23,  190,   40,   40,   50,  225,     ,  126,    0,    0,    0,    0,10193,   83,    8,   53,     ,    5,    0,    0,    0,    0,    0
  380,20220617,   24,  200,   40,   50,   60,  219,  173,  128,    0,    0,    0,    0,10191,   83,    8,   56,     ,    5,    0,    0,    0,    0,    0
  380,20220618,    1,  200,   40,   40,   60,  217,     ,  126,    0,    0,    0,    0,10190,   83,    1,   56,     ,    5,    0,    0,    0,    0,    0
  380,20220618,    2,  190,   40,   40,   50,  211,     ,  128,    0,    0,    0,    0,10186,   83,    1,   59,     ,    5,    0,    0,    0,    0,    0
  380,20220618,    3,  190,   40,   40,   60,  206,     ,  128,    0,    0,    0,    0,10185,   83,    1,   61,     ,    5,    0,    0,    0,    0,    0
  380,20220618,    4,  200,   40,   40,   60,  204,     ,  130,    0,    3,    0,    0,10186,   83,    0,   62,     ,    5,    0,    0,    0,    0,    0
  380,20220618,    5,  200,   40,   30,   60,  210,     ,  137,    0,   25,    0,    0,10185,   83,    1,   63,     ,    5,    0,    0,    0,    0,    0
  380,20220618,    6,  200,   40,   50,   60,  225,  172,  140,    6,   66,    0,    0,10179,   82,    4,   58,     ,    5,    0,    0,    0,    0,    0
  380,20220618,    7,  220,   40,   30,   60,  246,     ,  149,   10,  121,    0,    0,10180,   81,    1,   54,     ,    5,    0,    0,    0,    0,    0
  380,20220618,    8,  220,   40,   40,   60,  265,     ,  159,    9,  172,    0,    0,10178,   81,    1,   52,     ,    5,    0,    0,    0,    0,    0
  380,20220618,    9,  220,   40,   40,   70,  280,     ,  146,   10,  220,    0,    0,10173,   80,    0,   43,     ,    5,    0,    0,    0,    0,    0
  380,20220618,   10,  210,   50,   60,   70,  295,     ,  157,   10,  258,    0,    0,10170,   81,    0,   43,     ,    5,    0,    0,    0,    0,    0
  380,20220618,   11,  230,   40,   30,   60,  311,     ,  163,   10,  279,    0,    0,10166,   80,    0,   41,     ,    5,    0,    0,    0,    0,    0
  380,20220618,   12,  250,   40,   40,   60,  316,  219,  165,   10,  295,    0,    0,10159,   82,    0,   40,     ,    5,    0,    0,    0,    0,    0
  380,20220618,   13,  220,   40,   50,   70,  325,     ,  159,   10,  291,    0,    0,10151,   81,    0,   36,     ,    5,    0,    0,    0,    0,    0
  380,20220618,   14,  240,   40,   40,   70,  328,     ,  156,   10,  276,    0,    0,10143,   77,    0,   35,     ,    5,    0,    0,    0,    0,    0
  380,20220618,   15,  290,   30,   30,   60,  327,     ,  151,   10,  233,    0,    0,10135,   81,    5,   34,     ,    5,    0,    0,    0,    0,    0
  380,20220618,   16,  300,   30,   30,   50,  325,     ,  160,   10,  187,    0,    0,10127,   81,    7,   37,     ,    5,    0,    0,    0,    0,    0
  380,20220618,   17,  340,   20,   10,   40,  323,     ,  146,   10,  128,    0,    0,10120,   80,    0,   34,     ,    5,    0,    0,    0,    0,    0
  380,20220618,   18,  360,   10,   10,   20,  316,  303,  160,    9,   71,    0,    0,10112,   81,    4,   39,     ,    5,    0,    0,    0,    0,    0
  380,20220618,   19,   30,   20,   30,   50,  288,     ,  176,   10,   32,    0,    0,10107,   81,    2,   51,     ,    5,    0,    0,    0,    0,    0
  380,20220618,   20,   50,   50,   60,   70,  265,     ,  176,    2,    6,    0,    0,10102,   80,    1,   58,     ,    5,    0,    0,    0,    0,    0
  380,20220618,   21,   60,   50,   40,   70,  250,     ,  174,    0,    0,    0,    0,10096,   80,    1,   62,     ,    5,    0,    0,    0,    0,    0
  380,20220618,   22,   50,   40,   30,   60,  232,     ,  176,    0,    0,    0,    0,10089,   75,    0,   70,     ,    5,    0,    0,    0,    0,    0
  380,20220618,   23,   10,   40,   40,   70,  225,     ,  178,    0,    0,    0,    0,10085,   75,    0,   74,     ,    5,    0,    0,    0,    0,    0
  380,20220618,   24,   20,   60,   50,   90,  214,  203,  176,    0,    0,    0,    0,10077,   75,    1,   78,     ,    5,    0,    0,    0,    0,    0
  380,20220619,    1,   40,   40,   40,   70,  193,     ,  164,    0,    0,    0,    0,10067,   70,    0,   82,     ,    5,    0,    0,    0,    0,    0
  380,20220619,    2,  350,   40,   40,   70,  182,     ,  151,    0,    0,    0,    0,10072,   70,    1,   81,     ,    5,    0,    0,    0,    0,    0
  380,20220619,    3,  340,   70,   60,  120,  153,     ,  115,    0,    0,    0,    0,10088,   75,    2,   78,     ,    5,    0,    0,    0,    0,    0
  380,20220619,    4,  360,   60,   60,  110,  143,     ,   94,    0,    3,    0,    0,10094,   75,    7,   72,     ,    5,    0,    0,    0,    0,    0
  380,20220619,    5,   20,   50,   40,  100,  146,     ,   83,    7,   29,    0,    0,10092,   80,    6,   66,     ,    5,    0,    0,    0,    0,    0
  380,20220619,    6,  100,   50,   40,   80,  160,  137,   78,    7,   78,    0,    0,10087,   80,    8,   58,     ,    5,    0,    0,    0,    0,    0
  380,20220619,    7,  280,   40,   60,   90,  164,     ,   84,    8,   90,    0,    0,10123,   78,    6,   59,     ,    5,    0,    0,    0,    0,    0
  380,20220619,    8,  330,   50,   40,   90,  172,     ,   82,    8,  184,    0,    0,10117,   80,    8,   55,     ,    5,    0,    0,    0,    0,    0
  380,20220619,    9,   40,   30,   30,   60,  170,     ,   86,    1,   89,    0,    0,10108,   82,    8,   57,     ,    5,    0,    0,    0,    0,    0
  380,20220619,   10,  340,   50,   60,  110,  163,     ,   95,    0,   80,    0,   -1,10105,   80,    8,   64,   23,    7,    0,    1,    0,    0,    0
  380,20220619,   11,   30,   50,   40,  100,  172,     ,   94,    3,  207,    0,    0,10105,   81,    8,   60,     ,    5,    0,    0,    0,    0,    0
  380,20220619,   12,  330,   50,   50,   80,  182,  161,  110,    7,  292,    0,    0,10115,   76,    8,   62,    2,    7,    0,    0,    0,    0,    0
  380,20220619,   13,  300,   40,   40,   70,  195,     ,  113,    5,  241,    0,    0,10131,   80,    8,   59,     ,    5,    0,    0,    0,    0,    0
  380,20220619,   14,  330,   40,   30,   70,  200,     ,  116,    8,  270,    0,    0,10133,   79,    4,   58,     ,    5,    0,    0,    0,    0,    0
  380,20220619,   15,  360,   50,   60,   90,  189,     ,  112,    6,  196,    0,    0,10131,   81,    8,   61,     ,    5,    0,    0,    0,    0,    0
  380,20220619,   16,   50,   50,   50,   90,  198,     ,  116,    9,  184,    0,    0,10116,   80,    1,   59,     ,    5,    0,    0,    0,    0,    0
  380,20220619,   17,   10,   40,   50,   80,  197,     ,  129,    8,  131,    0,    0,10126,   80,    8,   64,     ,    5,    0,    0,    0,    0,    0
  380,20220619,   18,  340,   50,   60,   80,  177,  180,  122,    1,   40,    0,    0,10128,   75,    8,   70,   12,    7,    0,    0,    0,    0,    0
  380,20220619,   19,   10,   60,   50,  100,  167,     ,  126,    2,   17,    0,   -1,10123,   75,    8,   76,   23,    7,    0,    1,    0,    0,    0
  380,20220619,   20,   30,   50,   70,   90,  155,     ,  121,    2,    4,    0,    0,10125,   75,    8,   80,     ,    5,    0,    0,    0,    0,    0
  380,20220619,   21,   20,   60,   60,  100,  149,     ,  115,    0,    0,    0,    0,10130,   75,    3,   80,    1,    7,    0,    0,    0,    0,    0
  380,20220619,   22,   20,   60,   50,  100,  146,     ,  112,    0,    0,    0,    0,10132,   75,    8,   80,     ,    5,    0,    0,    0,    0,    0
  380,20220619,   23,   30,   70,   70,  100,  143,     ,  112,    0,    0,    0,    0,10132,   70,    8,   81,     ,    5,    0,    0,    0,    0,    0
  380,20220619,   24,   40,   60,   50,  100,  144,  137,  110,    0,    0,    0,    0,10139,   75,    8,   80,    2,    7,    0,    0,    0,    0,    0
  380,20220620,    1,   30,   30,   10,   70,  132,     ,  116,    0,    0,    6,   21,10145,   50,    8,   90,   82,    7,    0,    1,    0,    0,    0
  380,20220620,    2,   30,   50,   60,   90,  127,     ,  114,    0,    0,   10,   22,10118,   65,    8,   91,   61,    7,    0,    1,    0,    0,    0
  380,20220620,    3,   20,   50,   50,   80,  126,     ,  111,    0,    0,    4,    1,10117,   70,    8,   90,   23,    7,    0,    1,    0,    0,    0
  380,20220620,    4,  340,   40,   10,   90,  127,     ,  111,    0,    0,    0,   -1,10149,   70,    8,   90,   81,    7,    0,    1,    0,    0,    0
  380,20220620,    5,   10,   20,   30,   40,  127,     ,  111,    0,    1,    6,    3,10138,   70,    8,   89,   23,    7,    0,    1,    0,    0,    0
  380,20220620,    6,  350,   30,   30,   60,  126,  120,  110,    0,    5,    0,   -1,10146,   70,    8,   90,   51,    7,    0,    1,    0,    0,    0
  380,20220620,    7,  360,   30,   30,   50,  131,     ,  110,    0,   21,    0,   -1,10151,   70,    8,   87,   23,    7,    0,    1,    0,    0,    0
  380,20220620,    8,  350,   30,   20,   50,  141,     ,  107,    0,   66,    0,    0,10160,   75,    8,   80,     ,    5,    0,    0,    0,    0,    0
  380,20220620,    9,  350,   20,   20,   40,  146,     ,  103,    1,  113,    0,   -1,10167,   75,    8,   75,   23,    7,    0,    1,    0,    0,    0
  380,20220620,   10,  110,   20,   20,   40,  164,     ,  106,    4,  200,    0,    0,10168,   75,    7,   68,     ,    5,    0,    0,    0,    0,    0
  380,20220620,   11,  270,   20,   30,   60,  179,     ,  102,    6,  257,    0,    0,10169,   81,    1,   60,     ,    5,    0,    0,    0,    0,    0
  380,20220620,   12,  310,   30,   20,   60,  184,  124,   98,    9,  338,    0,    0,10169,   80,    8,   57,    3,    7,    0,    0,    0,    0,    0
  380,20220620,   13,  350,   30,   30,   60,  198,     ,   83,    9,  311,    0,    0,10168,   82,    2,   47,     ,    5,    0,    0,    0,    0,    0
  380,20220620,   14,   10,   30,   30,   70,  202,     ,   83,    9,  258,    0,    0,10167,   81,    2,   46,     ,    5,    0,    0,    0,    0,    0
  380,20220620,   15,  320,   40,   40,   70,  207,     ,   83,   10,  273,    0,    0,10167,   80,    3,   44,     ,    5,    0,    0,    0,    0,    0
  380,20220620,   16,  330,   40,   40,   70,  209,     ,   83,   10,  229,    0,    0,10166,   81,    1,   44,     ,    5,    0,    0,    0,    0,    0
  380,20220620,   17,  330,   30,   30,   60,  204,     ,   79,   10,  142,    0,    0,10166,   81,    0,   44,     ,    5,    0,    0,    0,    0,    0
  380,20220620,   18,  330,   40,   30,   60,  195,  198,   80,   10,  101,    0,    0,10167,   81,    0,   47,     ,    5,    0,    0,    0,    0,    0
  380,20220620,   19,   10,   40,   40,   50,  177,     ,   85,   10,   45,    0,    0,10169,   81,    0,   55,     ,    5,    0,    0,    0,    0,    0
  380,20220620,   20,  360,   30,   20,   50,  155,     ,   88,    2,    8,    0,    0,10172,   81,    0,   64,     ,    5,    0,    0,    0,    0,    0
  380,20220620,   21,   10,   20,   20,   30,  141,     ,   87,    0,    0,    0,    0,10174,   80,    1,   69,     ,    5,    0,    0,    0,    0,    0
  380,20220620,   22,   10,   30,   30,   40,  140,     ,   88,    0,    0,    0,    0,10173,   75,    0,   70,     ,    5,    0,    0,    0,    0,    0
  380,20220620,   23,   30,   40,   60,   70,  133,     ,   84,    0,    0,    0,    0,10170,   75,    2,   72,     ,    5,    0,    0,    0,    0,    0
  380,20220620,   24,   80,   20,   10,   60,  120,   82,   86,    0,    0,    0,    0,10172,   75,    6,   79,     ,    5,    0,    0,    0,    0,    0
  380,20220621,    1,  100,   20,   10,   50,  114,     ,   82,    0,    0,    0,    0,10170,   75,    0,   80,     ,    5,    0,    0,    0,    0,    0
  380,20220621,    2,   70,   30,   20,   50,  109,     ,   81,    0,    0,    0,    0,10165,   70,    0,   82,     ,    5,    0,    0,    0,    0,    0
  380,20220621,    3,   70,   20,   20,   40,  102,     ,   79,    0,    0,    0,    0,10161,   70,    0,   85,     ,    5,    0,    0,    0,    0,    0
  380,20220621,    4,   60,   20,   30,   30,  101,     ,   80,    0,    4,    0,    0,10161,   70,    8,   87,     ,    5,    0,    0,    0,    0,    0
  380,20220621,    5,   70,   30,   20,   40,  119,     ,   84,   10,   38,    0,    0,10157,   75,    8,   79,     ,    5,    0,    0,    0,    0,    0
  380,20220621,    6,   80,   20,   30,   50,  138,   52,   89,   10,   90,    0,    0,10158,   75,    8,   72,     ,    5,    0,    0,    0,    0,    0
  380,20220621,    7,   70,   30,   20,   50,  153,     ,   92,    9,  137,    0,    0,10161,   76,    8,   67,     ,    5,    0,    0,    0,    0,    0
  380,20220621,    8,   40,   20,   30,   40,  170,     ,   97,    5,  154,    0,    0,10156,   80,    8,   62,     ,    5,    0,    0,    0,    0,    0
  380,20220621,    9,   50,   40,   40,   70,  179,     ,   99,    3,  172,    0,    0,10150,   80,    8,   59,     ,    5,    0,    0,    0,    0,    0
  380,20220621,   10,   90,   50,   40,   70,  182,     ,   83,    2,  170,    0,    0,10145,   80,    8,   52,     ,    5,    0,    0,    0,    0,    0
  380,20220621,   11,   60,   40,   40,   70,  195,     ,   93,    1,  153,    0,    0,10146,   80,    8,   51,     ,    5,    0,    0,    0,    0,    0
  380,20220621,   12,   50,   40,   30,   70,  208,  154,   93,    6,  279,    0,    0,10145,   78,    8,   47,     ,    5,    0,    0,    0,    0,    0
  380,20220621,   13,   40,   40,   30,   70,  212,     ,   90,    4,  210,    0,    0,10141,   79,    8,   45,     ,    5,    0,    0,    0,    0,    0
  380,20220621,   14,   40,   40,   40,   70,  204,     ,   84,    3,  183,    0,    0,10136,   81,    8,   46,     ,    5,    0,    0,    0,    0,    0
  380,20220621,   15,   30,   40,   40,   60,  207,     ,   85,    3,  163,    0,    0,10132,   81,    8,   45,     ,    5,    0,    0,    0,    0,    0
  380,20220621,   16,   40,   40,   50,   60,  202,     ,   82,    0,   80,    0,    0,10127,   83,    8,   45,     ,    5,    0,    0,    0,    0,    0
  380,20220621,   17,   30,   40,   40,   60,  206,     ,   93,    2,   64,    0,    0,10126,   82,    8,   48,     ,    5,    0,    0,    0,    0,    0
  380,20220621,   18,   30,   40,   40,   60,  201,  200,   89,    7,   72,    0,    0,10128,   82,    8,   48,     ,    5,    0,    0,    0,    0,    0
  380,20220621,   19,  360,   40,   30,   60,  186,     ,   96,    3,   23,    0,    0,10128,   83,    1,   55,     ,    5,    0,    0,    0,    0,    0
  380,20220621,   20,  360,   30,   40,   60,  172,     ,   98,    0,    5,    0,    0,10128,   83,    0,   61,     ,    5,    0,    0,    0,    0,    0
  380,20220621,   21,   20,   30,   30,   60,  163,     ,   95,    0,    0,    0,    0,10132,   83,    8,   64,     ,    5,    0,    0,    0,    0,    0
  380,20220621,   22,   30,   40,   50,   60,  151,     ,   93,    0,    0,    0,    0,10131,   80,    1,   68,     ,    5,    0,    0,    0,    0,    0
  380,20220621,   23,   30,   20,   10,   50,  142,     ,   95,    0,    0,    0,    0,10137,   75,    4,   73,     ,    5,    0,    0,    0,    0,    0
  380,20220621,   24,   60,   10,   20,   30,  127,   79,   90,    0,    0,    0,    0,10135,   75,    4,   78,     ,    5,    0,    0,    0,    0,    0
  380,20220622,    1,   60,   20,   10,   40,  119,     ,   87,    0,    0,    0,    0,10127,   75,    4,   80,     ,    5,    0,    0,    0,    0,    0
  380,20220622,    2,   50,   20,   20,   30,  116,     ,   87,    0,    0,    0,    0,10127,   70,    8,   82,     ,    5,    0,    0,    0,    0,    0
  380,20220622,    3,   20,   20,   30,   40,  114,     ,   92,    0,    0,    0,    0,10125,   70,    8,   86,     ,    5,    0,    0,    0,    0,    0
  380,20220622,    4,   40,   20,   10,   50,  117,     ,   93,    2,    5,    0,    0,10124,   70,    8,   85,     ,    5,    0,    0,    0,    0,    0
  380,20220622,    5,   40,   40,   40,   50,  132,     ,  102,    5,   26,    0,    0,10124,   70,    7,   82,     ,    5,    0,    0,    0,    0,    0
  380,20220622,    6,   30,   40,   40,   50,  152,   63,  104,    8,   78,    0,    0,10127,   75,    8,   72,     ,    5,    0,    0,    0,    0,    0
  380,20220622,    7,   30,   40,   40,   60,  177,     ,  104,   10,  146,    0,    0,10127,   81,    6,   62,     ,    5,    0,    0,    0,    0,    0
  380,20220622,    8,   50,   30,   30,   60,  199,     ,  107,   10,  197,    0,    0,10127,   80,    4,   55,     ,    5,    0,    0,    0,    0,    0
  380,20220622,    9,   30,   40,   40,   60,  221,     ,  119,   10,  255,    0,    0,10126,   65,    8,   52,     ,    5,    0,    0,    0,    0,    0
  380,20220622,   10,   40,   50,   50,   80,  231,     ,  110,   10,  285,    0,    0,10120,   80,    6,   46,     ,    5,    0,    0,    0,    0,    0
  380,20220622,   11,   40,   50,   50,   80,  247,     ,  110,    9,  314,    0,    0,10122,   79,    2,   42,     ,    5,    0,    0,    0,    0,    0
  380,20220622,   12,   60,   40,   40,   80,  258,  164,  106,   10,  323,    0,    0,10121,   78,    0,   38,     ,    5,    0,    0,    0,    0,    0
  380,20220622,   13,   50,   50,   60,   90,  262,     ,  100,   10,  321,    0,    0,10114,   82,    4,   36,     ,    5,    0,    0,    0,    0,    0
  380,20220622,   14,   40,   50,   40,  100,  271,     ,   96,   10,  300,    0,    0,10111,   81,    1,   33,     ,    5,    0,    0,    0,    0,    0
  380,20220622,   15,   50,   40,   30,   80,  269,     ,   92,   10,  256,    0,    0,10109,   83,    8,   32,     ,    5,    0,    0,    0,    0,    0
  380,20220622,   16,   40,   50,   60,   90,  269,     ,   80,   10,  216,    0,    0,10103,   83,    2,   30,     ,    5,    0,    0,    0,    0,    0
  380,20220622,   17,   40,   50,   50,   80,  271,     ,   85,   10,  162,    0,    0,10102,   81,    8,   30,     ,    5,    0,    0,    0,    0,    0
  380,20220622,   18,   40,   50,   50,   80,  261,  260,   86,   10,  108,    0,    0,10103,   81,    6,   33,     ,    5,    0,    0,    0,    0,    0
  380,20220622,   19,   40,   50,   50,   70,  243,     ,   95,   10,   41,    0,    0,10104,   81,    0,   39,     ,    5,    0,    0,    0,    0,    0
  380,20220622,   20,   40,   40,   40,   60,  224,     ,   92,    2,    8,    0,    0,10109,   81,    8,   43,     ,    5,    0,    0,    0,    0,    0
  380,20220622,   21,   30,   40,   50,   60,  213,     ,   90,    0,    0,    0,    0,10113,   83,    6,   45,     ,    5,    0,    0,    0,    0,    0
  380,20220622,   22,   50,   50,   40,   70,  209,     ,   92,    0,    0,    0,    0,10118,   83,    8,   47,     ,    5,    0,    0,    0,    0,    0
  380,20220622,   23,   60,   30,   30,   50,  188,     ,   90,    0,    0,    0,    0,10115,   83,    3,   53,     ,    5,    0,    0,    0,    0,    0
  380,20220622,   24,   60,   30,   30,   50,  182,  150,   90,    0,    0,    0,    0,10113,   83,    4,   55,     ,    5,    0,    0,    0,    0,    0
  380,20220623,    1,   70,   30,   30,   40,  185,     ,   91,    0,    0,    0,    0,10111,   83,    8,   54,     ,    5,    0,    0,    0,    0,    0
  380,20220623,    2,  990,   20,   10,   40,  186,     ,   99,    0,    0,    0,    0,10112,   83,    8,   56,     ,    5,    0,    0,    0,    0,    0
  380,20220623,    3,   90,   10,   10,   30,  181,     ,  101,    0,    0,    0,    0,10111,   82,    2,   59,     ,    5,    0,    0,    0,    0,    0
  380,20220623,    4,  110,   20,   20,   30,  171,     ,  114,    0,    3,    0,    0,10109,   80,    1,   69,     ,    5,    0,    0,    0,    0,    0
  380,20220623,    5,  110,   20,   20,   30,  198,     ,  135,    8,   30,    0,    0,10110,   80,    1,   67,     ,    5,    0,    0,    0,    0,    0
  380,20220623,    6,  120,   20,   20,   40,  214,  135,  151,   10,   79,    0,    0,10113,   80,    1,   67,     ,    5,    0,    0,    0,    0,    0
  380,20220623,    7,  170,   20,   20,   40,  235,     ,  173,   10,  135,    0,    0,10112,   80,    0,   68,     ,    5,    0,    0,    0,    0,    0
  380,20220623,    8,  160,   30,   40,   60,  249,     ,  170,   10,  190,    0,    0,10113,   80,    0,   61,     ,    5,    0,    0,    0,    0,    0
  380,20220623,    9,  190,   30,   30,   70,  264,     ,  178,   10,  242,    0,    0,10113,   77,    3,   58,     ,    5,    0,    0,    0,    0,    0
  380,20220623,   10,  240,   30,   30,   60,  265,     ,  171,   10,  279,    0,    0,10110,   80,    4,   56,     ,    5,    0,    0,    0,    0,    0
  380,20220623,   11,  220,   30,   30,   60,  274,     ,  160,    9,  270,    0,    0,10107,   78,    1,   49,     ,    5,    0,    0,    0,    0,    0
  380,20220623,   12,  210,   30,   30,   60,  296,  233,  165,   10,  327,    0,    0,10102,   80,    1,   45,     ,    5,    0,    0,    0,    0,    0
  380,20220623,   13,  220,   20,   20,   50,  277,     ,  160,    3,  149,    0,    0,10099,   80,    8,   49,     ,    5,    0,    0,    0,    0,    0
  380,20220623,   14,  160,   20,   30,   50,  284,     ,  148,    6,  190,    0,    0,10094,   82,    8,   43,     ,    5,    0,    0,    0,    0,    0
  380,20220623,   15,  220,   20,   40,   60,  304,     ,  143,    9,  230,    0,    0,10087,   81,    0,   37,     ,    5,    0,    0,    0,    0,    0
  380,20220623,   16,  270,   30,   40,   70,  280,     ,  164,    6,  159,    0,    0,10085,   75,    8,   49,     ,    5,    0,    0,    0,    0,    0
  380,20220623,   17,  280,   30,   40,   60,  282,     ,  150,    4,   99,    0,    0,10083,   80,    1,   44,   91,    7,    0,    0,    0,    1,    0
  380,20220623,   18,   70,   30,   40,   50,  269,  269,  170,    4,   60,    0,    0,10084,   80,    7,   54,   91,    7,    0,    0,    0,    1,    0
  380,20220623,   19,  210,   20,   10,   50,  233,     ,  201,    8,   58,    2,    3,10083,   70,    8,   82,   26,    7,    0,    1,    0,    1,    0
  380,20220623,   20,  990,   10,   10,   20,  225,     ,  198,    0,    3,    0,    0,10082,   70,    8,   84,     ,    5,    0,    0,    0,    0,    0
  380,20220623,   21,   50,   10,   20,   50,  219,     ,  192,    0,    0,    0,    0,10079,   70,    8,   84,    2,    7,    0,    0,    0,    0,    0
  380,20220623,   22,   50,   30,   30,   80,  212,     ,  183,    0,    0,    0,    0,10067,   70,    8,   83,     ,    5,    0,    0,    0,    0,    0
  380,20220623,   23,  990,   20,   10,   80,  206,     ,  189,    0,    0,    5,    7,10068,   42,    8,   89,   92,    7,    0,    1,    0,    1,    0
  380,20220623,   24,  220,   50,   40,  130,  185,  183,  180,    0,    0,    8,   78,10077,   65,    8,   96,   81,    7,    0,    1,    0,    1,    0
  380,20220624,    1,  240,   40,   40,   70,  184,     ,  177,    0,    0,    0,   -1,10078,   65,    8,   95,   23,    7,    0,    1,    0,    0,    0
  380,20220624,    2,  210,   30,   30,   60,  181,     ,  176,    0,    0,    0,    0,10079,   65,    8,   96,     ,    5,    0,    0,    0,    0,    0
  380,20220624,    3,  160,   20,   10,   40,  180,     ,  175,    0,    0,    0,    0,10070,   61,    8,   97,    2,    7,    0,    0,    0,    0,    0
  380,20220624,    4,  210,   20,   30,   40,  176,     ,  173,    0,    1,    0,    0,10065,   58,    8,   97,   10,    7,    0,    0,    0,    0,    0
  380,20220624,    5,  230,   40,   50,   70,  179,     ,  171,    0,    3,    1,    3,10074,   65,    8,   94,   81,    7,    0,    1,    0,    0,    0
  380,20220624,    6,  230,   30,   30,   60,  176,  173,  171,    0,    8,   10,   24,10070,   57,    8,   96,   62,    7,    0,    1,    0,    0,    0
  380,20220624,    7,  230,   30,   20,   50,  184,     ,  171,    0,   39,    9,    5,10075,   65,    8,   92,   57,    7,    0,    1,    0,    0,    0
  380,20220624,    8,  210,   40,   40,   60,  191,     ,  176,    1,   99,    0,   -1,10075,   70,    8,   90,   23,    7,    0,    1,    0,    0,    0
  380,20220624,    9,  240,   40,   30,   70,  206,     ,  172,    3,  156,    0,    0,10073,   75,    8,   80,    2,    7,    0,    0,    0,    0,    0
  380,20220624,   10,  230,   40,   50,   70,  219,     ,  174,    6,  236,    0,    0,10075,   75,    7,   75,     ,    5,    0,    0,    0,    0,    0
  380,20220624,   11,  250,   40,   40,   70,  195,     ,  164,    2,  129,    2,    1,10075,   70,    8,   82,   81,    7,    0,    1,    0,    0,    0
  380,20220624,   12,  190,   30,   40,   70,  217,  177,  160,    7,  272,    0,   -1,10071,   75,    1,   70,   23,    7,    0,    1,    0,    0,    0
  380,20220624,   13,  240,   30,   30,   70,  229,     ,  167,    8,  248,    0,    0,10070,   80,    5,   68,     ,    5,    0,    0,    0,    0,    0
  380,20220624,   14,  180,   30,   50,   90,  178,     ,  163,    1,   67,    1,   58,10077,   56,    8,   91,   92,    7,    0,    1,    0,    1,    0
  380,20220624,   15,  170,   30,   30,   80,  180,     ,  168,    0,   23,    9,   55,10071,   65,    8,   92,   26,    7,    0,    1,    0,    1,    0
  380,20220624,   16,  190,   30,   40,  100,  205,     ,  178,    5,  122,    0,   -1,10068,   70,    8,   84,   23,    7,    0,    1,    0,    0,    0
  380,20220624,   17,  190,   40,   40,   70,  217,     ,  162,    8,  162,    0,    0,10069,   75,    8,   71,     ,    5,    0,    0,    0,    0,    0
  380,20220624,   18,  190,   30,   20,   60,  211,  178,  167,    5,   91,    0,    0,10076,   75,    8,   75,   26,    7,    0,    0,    0,    1,    0
  380,20220624,   19,  200,   30,   30,   50,  207,     ,  159,    3,   24,    0,    0,10079,   75,    8,   73,     ,    5,    0,    0,    0,    0,    0
  380,20220624,   20,  180,   30,   30,   60,  195,     ,  155,    3,    6,    0,    0,10087,   75,    5,   77,     ,    5,    0,    0,    0,    0,    0
  380,20220624,   21,  180,   30,   30,   50,  181,     ,  140,    0,    0,    0,    0,10094,   61,    1,   77,     ,    5,    0,    0,    0,    0,    0
  380,20220624,   22,  170,   20,   20,   40,  174,     ,  140,    0,    0,    0,   -1,10094,   75,    8,   80,   81,    7,    0,    1,    0,    0,    0
  380,20220624,   23,  190,   30,   40,   60,  173,     ,  146,    0,    0,    0,   -1,10094,   70,    1,   83,   23,    7,    0,    1,    0,    0,    0
  380,20220624,   24,  190,   50,   40,   70,  171,  148,  145,    0,    0,    0,    0,10096,   70,    0,   84,    1,    7,    0,    0,    0,    0,    0
  380,20220625,    1,  190,   40,   40,   60,  168,     ,  144,    0,    0,    0,    0,10098,   70,    0,   85,     ,    5,    0,    0,    0,    0,    0
  380,20220625,    2,  190,   40,   40,   70,  166,     ,  143,    0,    0,    0,    0,10103,   70,    0,   85,     ,    5,    0,    0,    0,    0,    0
  380,20220625,    3,  190,   40,   40,   70,  164,     ,  141,    0,    0,    0,    0,10108,   70,    8,   86,     ,    5,    0,    0,    0,    0,    0
  380,20220625,    4,  180,   40,   40,   50,  166,     ,  139,    0,    4,    0,    0,10110,   70,    8,   84,     ,    5,    0,    0,    0,    0,    0
  380,20220625,    5,  190,   40,   40,   60,  173,     ,  140,   10,   35,    0,    0,10112,   75,    8,   80,     ,    5,    0,    0,    0,    0,    0
  380,20220625,    6,  190,   40,   40,   70,  179,  141,  141,    4,   54,    0,    0,10117,   75,    7,   78,     ,    5,    0,    0,    0,    0,    0
  380,20220625,    7,  190,   40,   40,   70,  190,     ,  142,    3,   90,    0,    0,10118,   75,    8,   74,     ,    5,    0,    0,    0,    0,    0
  380,20220625,    8,  210,   40,   50,   70,  207,     ,  154,    2,  129,    0,    0,10120,   75,    8,   71,     ,    5,    0,    0,    0,    0,    0
  380,20220625,    9,  200,   50,   50,   80,  215,     ,  141,    7,  214,    0,    0,10119,   81,    8,   62,     ,    5,    0,    0,    0,    0,    0
  380,20220625,   10,  200,   40,   40,   70,  211,     ,  139,    3,  142,    0,    0,10120,   80,    8,   63,     ,    5,    0,    0,    0,    0,    0
  380,20220625,   11,  210,   40,   40,   60,  230,     ,  142,    3,  193,    0,    0,10119,   82,    7,   57,     ,    5,    0,    0,    0,    0,    0
  380,20220625,   12,  200,   40,   30,   70,  232,  188,  149,    5,  242,    0,    0,10119,   81,    8,   59,     ,    5,    0,    0,    0,    0,    0
  380,20220625,   13,  180,   30,   30,   60,  232,     ,  149,    2,  180,    0,    0,10119,   81,    8,   59,     ,    5,    0,    0,    0,    0,    0
  380,20220625,   14,  160,   30,   30,   50,  231,     ,  143,    1,  138,    0,    0,10116,   82,    8,   57,     ,    5,    0,    0,    0,    0,    0
  380,20220625,   15,  160,   30,   30,   50,  229,     ,  136,    2,  134,    0,    0,10114,   83,    8,   55,     ,    5,    0,    0,    0,    0,    0
  380,20220625,   16,  150,   30,   30,   80,  233,     ,  144,    0,  105,    0,    0,10109,   82,    7,   57,     ,    5,    0,    0,    0,    0,    0
  380,20220625,   17,  200,   30,   30,   50,  230,     ,  150,    3,   89,    0,    0,10107,   82,    8,   60,     ,    5,    0,    0,    0,    0,    0
  380,20220625,   18,  290,   30,   50,   70,  200,  206,  158,    0,   41,    0,    0,10109,   75,    8,   76,     ,    5,    0,    0,    0,    0,    0
  380,20220625,   19,  300,   40,   20,   80,  190,     ,  161,    7,   25,    0,    0,10115,   70,    8,   83,     ,    5,    0,    0,    0,    0,    0
  380,20220625,   20,  300,   20,   10,   40,  175,     ,  159,    3,    8,    0,    0,10119,   49,    8,   90,   10,    7,    0,    0,    0,    0,    0
  380,20220625,   21,  260,   20,   20,   30,  172,     ,  155,    0,    0,    0,    0,10124,   70,    8,   89,     ,    5,    0,    0,    0,    0,    0
  380,20220625,   22,  240,   30,   20,   50,  169,     ,  152,    0,    0,    0,   -1,10127,   70,    8,   89,   51,    7,    0,    1,    0,    0,    0
  380,20220625,   23,  180,   20,   10,   30,  166,     ,  156,    0,    0,    0,   -1,10123,   65,    8,   93,   23,    7,    0,    1,    0,    0,    0
  380,20220625,   24,  180,   20,   20,   30,  165,  161,  158,    0,    0,    5,    1,10125,   65,    8,   95,   23,    7,    0,    1,    0,    0,    0
  380,20220626,    1,  220,   20,   20,   30,  162,     ,  157,    0,    0,    0,    0,10129,   65,    8,   96,     ,    5,    0,    0,    0,    0,    0
  380,20220626,    2,  240,   40,   50,   80,  162,     ,  144,    0,    0,    0,    0,10131,   70,    8,   88,     ,    5,    0,    0,    0,    0,    0
  380,20220626,    3,  230,   40,   30,   70,  152,     ,  136,    0,    0,    0,    0,10135,   70,    8,   90,     ,    5,    0,    0,    0,    0,    0
  380,20220626,    4,  220,   30,   20,   50,  146,     ,  134,    2,    4,    0,    0,10140,   65,    8,   92,     ,    5,    0,    0,    0,    0,    0
  380,20220626,    5,  230,   30,   30,   50,  159,     ,  134,    8,   37,    0,    0,10144,   70,    8,   85,     ,    5,    0,    0,    0,    0,    0
  380,20220626,    6,  240,   30,   30,   50,  162,  130,  130,    8,   74,    0,    0,10152,   70,    8,   81,     ,    5,    0,    0,    0,    0,    0
  380,20220626,    7,  240,   30,   30,   50,  165,     ,  129,    3,   89,    0,    0,10161,   75,    8,   79,     ,    5,    0,    0,    0,    0,    0
  380,20220626,    8,  210,   30,   30,   60,  165,     ,  131,    0,   70,    0,    0,10164,   75,    8,   80,     ,    5,    0,    0,    0,    0,    0
  380,20220626,    9,  220,   30,   20,   40,  165,     ,  134,    0,   45,    0,   -1,10164,   70,    8,   82,   81,    7,    0,    1,    0,    0,    0
  380,20220626,   10,  190,   30,   20,   40,  163,     ,  139,    0,   44,    7,    1,10170,   70,    8,   85,   61,    7,    0,    1,    0,    0,    0
  380,20220626,   11,  150,   30,   20,   40,  163,     ,  145,    0,   54,    9,   11,10169,   70,    8,   89,   61,    7,    0,    1,    0,    0,    0
  380,20220626,   12,  170,   20,   30,   40,  176,  168,  135,    0,  133,    0,   -1,10170,   75,    8,   76,   23,    7,    0,    1,    0,    0,    0
  380,20220626,   13,  150,   30,   30,   50,  190,     ,  122,    1,  151,    0,    0,10165,   83,    8,   64,     ,    5,    0,    0,    0,    0,    0
  380,20220626,   14,  150,   30,   30,   50,  196,     ,  118,    2,  148,    0,    0,10166,   82,    8,   60,     ,    5,    0,    0,    0,    0,    0
  380,20220626,   15,  140,   20,   20,   40,  196,     ,  117,    1,  124,    0,    0,10164,   83,    8,   60,     ,    5,    0,    0,    0,    0,    0
  380,20220626,   16,  160,   20,   10,   40,  195,     ,  116,    0,   68,    0,    0,10158,   83,    8,   60,     ,    5,    0,    0,    0,    0,    0
  380,20220626,   17,   70,   10,   10,   30,  196,     ,  109,    0,   61,    0,    0,10151,   83,    8,   57,     ,    5,    0,    0,    0,    0,    0
  380,20220626,   18,    0,   10,    0,   20,  193,  193,  127,    2,   45,    0,    0,10157,   80,    8,   65,     ,    5,    0,    0,    0,    0,    0
  380,20220626,   19,    0,   10,    0,   20,  183,     ,  132,    0,   10,    0,    0,10154,   75,    8,   72,     ,    5,    0,    0,    0,    0,    0
  380,20220626,   20,  340,   10,   10,   20,  180,     ,  127,    0,    2,    0,    0,10156,   75,    8,   70,     ,    5,    0,    0,    0,    0,    0
  380,20220626,   21,   70,   20,   20,   30,  175,     ,  128,    0,    0,    0,    0,10155,   75,    8,   74,     ,    5,    0,    0,    0,    0,    0
  380,20220626,   22,   60,   20,   20,   40,  167,     ,  150,    0,    0,    6,    1,10149,   70,    8,   89,   51,    7,    0,    1,    0,    0,    0
  380,20220626,   23,  990,   20,   10,   40,  161,     ,  148,    0,    0,    0,   -1,10154,   65,    8,   91,   23,    7,    0,    1,    0,    0,    0
  380,20220626,   24,   50,   20,   10,   30,  162,  155,  151,    0,    0,    0,    0,10154,   65,    8,   93,    2,    7,    0,    0,    0,    0,    0
  380,20220627,    1,   70,   10,   10,   20,  164,     ,  147,    0,    0,    0,    0,10157,   70,    8,   89,     ,    5,    0,    0,    0,    0,    0
  380,20220627,    2,   60,   20,   20,   30,  159,     ,  140,    0,    0,    0,    0,10148,   70,    8,   88,     ,    5,    0,    0,    0,    0,    0
  380,20220627,    3,   30,   10,   10,   20,  157,     ,  139,    0,    0,    0,    0,10143,   61,    8,   89,     ,    5,    0,    0,    0,    0,    0
  380,20220627,    4,    0,   10,    0,   20,  154,     ,  143,    0,    2,    0,    0,10147,   65,    8,   92,     ,    5,    0,    0,    0,    0,    0
  380,20220627,    5,  990,   10,   10,   20,  159,     ,  147,    0,    9,    0,    0,10141,   64,    8,   93,     ,    5,    0,    0,    0,    0,    0
  380,20220627,    6,  240,   10,   10,   30,  166,  146,  157,    0,   33,    0,    0,10151,   62,    8,   94,     ,    5,    0,    0,    0,    0,    0
  380,20220627,    7,  230,   20,   20,   30,  171,     ,  153,    0,   31,    0,    0,10152,   62,    8,   89,     ,    5,    0,    0,    0,    0,    0
  380,20220627,    8,  220,   20,   20,   40,  180,     ,  153,    0,   65,    0,    0,10158,   69,    8,   84,     ,    5,    0,    0,    0,    0,    0
  380,20220627,    9,  240,   20,   20,   30,  185,     ,  148,    0,   63,    0,    0,10166,   75,    8,   79,     ,    5,    0,    0,    0,    0,    0
  380,20220627,   10,  990,   20,   10,   30,  194,     ,  149,    0,  104,    0,    0,10163,   74,    8,   75,     ,    5,    0,    0,    0,    0,    0
  380,20220627,   11,  210,   20,   20,   40,  200,     ,  153,    0,  139,    0,    0,10165,   71,    8,   74,     ,    5,    0,    0,    0,    0,    0
  380,20220627,   12,  190,   30,   30,   50,  208,  169,  136,    1,  155,    0,    0,10164,   81,    8,   63,     ,    5,    0,    0,    0,    0,    0
  380,20220627,   13,  230,   30,   50,   90,  179,     ,  118,    0,  115,    0,    0,10175,   80,    8,   67,     ,    5,    0,    0,    0,    0,    0
  380,20220627,   14,  260,   40,   30,  140,  156,     ,  144,    0,   42,    8,   15,10191,   64,    8,   92,   81,    7,    0,    1,    0,    1,    0
  380,20220627,   15,  300,   30,   40,   60,  151,     ,  135,    0,   78,    7,    8,10190,   62,    8,   90,   81,    7,    0,    1,    0,    0,    0
  380,20220627,   16,  290,   30,   30,   50,  163,     ,  134,    4,  130,    0,   -1,10196,   70,    6,   82,   23,    7,    0,    1,    0,    0,    0
  380,20220627,   17,  270,   20,   20,   40,  173,     ,  134,   10,  149,    0,    0,10197,   75,    3,   77,     ,    5,    0,    0,    0,    0,    0
  380,20220627,   18,  240,   20,   20,   50,  172,  157,  122,   10,  102,    0,    0,10200,   75,    1,   72,    1,    7,    0,    0,    0,    0,    0
  380,20220627,   19,  200,   20,   30,   40,  163,     ,  121,   10,   47,    0,    0,10204,   75,    0,   75,     ,    5,    0,    0,    0,    0,    0
  380,20220627,   20,  190,   10,   10,   30,  147,     ,  121,    3,    7,    0,    0,10207,   70,    0,   84,     ,    5,    0,    0,    0,    0,    0
  380,20220627,   21,  150,   10,   20,   30,  142,     ,  117,    0,    0,    0,    0,10211,   70,    0,   84,     ,    5,    0,    0,    0,    0,    0
  380,20220627,   22,  170,   30,   20,   40,  140,     ,  118,    0,    0,    0,    0,10212,   70,    4,   86,     ,    5,    0,    0,    0,    0,    0
  380,20220627,   23,  180,   20,   20,   30,  132,     ,  114,    0,    0,    0,    0,10214,   70,    0,   89,     ,    5,    0,    0,    0,    0,    0
  380,20220627,   24,  190,   30,   30,   40,  129,   97,  116,    0,    0,    0,    0,10214,   65,    0,   91,     ,    5,    0,    0,    0,    0,    0
  380,20220628,    1,  200,   30,   30,   40,  117,     ,  107,    0,    0,    0,    0,10214,   65,    0,   93,     ,    5,    0,    0,    0,    0,    0
  380,20220628,    2,  190,   30,   30,   40,  112,     ,  102,    0,    0,    0,    0,10217,   65,    1,   93,     ,    5,    0,    0,    0,    0,    0
  380,20220628,    3,  190,   30,   30,   50,  114,     ,  101,    0,    0,    0,    0,10224,   65,    0,   91,     ,    5,    0,    0,    0,    0,    0
  380,20220628,    4,  210,   30,   30,   40,  110,     ,  100,    0,    4,    0,    0,10226,   65,    0,   93,     ,    5,    0,    0,    0,    0,    0
  380,20220628,    5,  200,   30,   30,   40,  128,     ,  101,   10,   30,    0,    0,10228,   70,    0,   84,     ,    5,    0,    0,    0,    0,    0
  380,20220628,    6,  200,   20,   20,   30,  147,   89,  102,   10,   82,    0,    0,10223,   75,    0,   74,     ,    5,    0,    0,    0,    0,    0
  380,20220628,    7,  240,   20,   10,   30,  165,     ,  103,   10,  138,    0,    0,10225,   80,    0,   66,     ,    5,    0,    0,    0,    0,    0
  380,20220628,    8,  210,   10,   20,   40,  181,     ,  117,   10,  193,    0,    0,10225,   80,    0,   66,     ,    5,    0,    0,    0,    0,    0
  380,20220628,    9,  990,   20,   10,   40,  197,     ,  122,   10,  244,    0,    0,10220,   81,    0,   62,     ,    5,    0,    0,    0,    0,    0
  380,20220628,   10,   70,   20,   20,   40,  210,     ,  125,   10,  285,    0,    0,10215,   81,    0,   58,     ,    5,    0,    0,    0,    0,    0
  380,20220628,   11,   90,   20,   20,   50,  216,     ,  107,   10,  314,    0,    0,10207,   80,    0,   49,     ,    5,    0,    0,    0,    0,    0
  380,20220628,   12,  130,   20,   20,   50,  225,  176,  106,   10,  313,    0,    0,10200,   80,    5,   46,     ,    5,    0,    0,    0,    0,    0
  380,20220628,   13,  990,   20,   10,   70,  234,     ,   97,    8,  285,    0,    0,10196,   81,    3,   42,     ,    5,    0,    0,    0,    0,    0
  380,20220628,   14,   80,   20,   40,   50,  238,     ,  106,    7,  229,    0,    0,10189,   81,    4,   43,     ,    5,    0,    0,    0,    0,    0
  380,20220628,   15,   60,   30,   40,   70,  242,     ,  106,    9,  240,    0,    0,10183,   81,    2,   42,     ,    5,    0,    0,    0,    0,    0
  380,20220628,   16,  110,   30,   30,   60,  244,     ,  105,   10,  233,    0,    0,10179,   82,    8,   41,     ,    5,    0,    0,    0,    0,    0
  380,20220628,   17,   90,   30,   40,   60,  240,     ,  101,    8,  129,    0,    0,10174,   82,    1,   41,     ,    5,    0,    0,    0,    0,    0
  380,20220628,   18,   80,   30,   30,   60,  235,  226,  107,    8,   88,    0,    0,10170,   83,    0,   44,     ,    5,    0,    0,    0,    0,    0
  380,20220628,   19,   70,   30,   30,   50,  218,     ,  121,    8,   39,    0,    0,10170,   83,    0,   54,     ,    5,    0,    0,    0,    0,    0
  380,20220628,   20,   80,   20,   20,   40,  199,     ,  111,    2,    6,    0,    0,10170,   83,    0,   56,     ,    5,    0,    0,    0,    0,    0
  380,20220628,   21,   80,   20,   20,   40,  188,     ,  115,    0,    0,    0,    0,10168,   83,    0,   62,     ,    5,    0,    0,    0,    0,    0
  380,20220628,   22,  100,   20,   30,   30,  177,     ,  112,    0,    0,    0,    0,10168,   80,    0,   65,     ,    5,    0,    0,    0,    0,    0
  380,20220628,   23,  100,   30,   30,   40,  179,     ,  106,    0,    0,    0,    0,10163,   83,    1,   62,     ,    5,    0,    0,    0,    0,    0
  380,20220628,   24,  120,   30,   20,   40,  165,  127,  107,    0,    0,    0,    0,10161,   80,    0,   68,     ,    5,    0,    0,    0,    0,    0
  380,20220629,    1,  170,   20,   20,   30,  160,     ,  106,    0,    0,    0,    0,10158,   75,    0,   70,     ,    5,    0,    0,    0,    0,    0
  380,20220629,    2,  110,   10,   10,   30,  152,     ,  105,    0,    0,    0,    0,10156,   75,    0,   73,     ,    5,    0,    0,    0,    0,    0
  380,20220629,    3,  180,   10,   10,   20,  145,     ,   99,    0,    0,    0,    0,10153,   75,    0,   73,     ,    5,    0,    0,    0,    0,    0
  380,20220629,    4,    0,   10,    0,   20,  137,     ,  108,    0,    2,    0,    0,10149,   70,    1,   82,     ,    5,    0,    0,    0,    0,    0
  380,20220629,    5,  110,   10,   10,   20,  147,     ,  106,    5,   16,    0,    0,10147,   75,    0,   76,     ,    5,    0,    0,    0,    0,    0
  380,20220629,    6,  150,   10,   20,   30,  160,   92,  111,    1,   26,    0,    0,10147,   75,    2,   72,     ,    5,    0,    0,    0,    0,    0
  380,20220629,    7,  130,   10,   10,   20,  190,     ,  119,    7,   96,    0,    0,10145,   82,    7,   63,     ,    5,    0,    0,    0,    0,    0
  380,20220629,    8,  210,   20,   20,   30,  202,     ,  135,    2,  113,    0,    0,10146,   80,    8,   65,     ,    5,    0,    0,    0,    0,    0
  380,20220629,    9,  190,   20,   20,   30,  219,     ,  139,    0,  109,    0,    0,10144,   82,    8,   60,     ,    5,    0,    0,    0,    0,    0
  380,20220629,   10,  180,   20,   20,   50,  247,     ,  143,    5,  211,    0,    0,10144,   82,    1,   52,     ,    5,    0,    0,    0,    0,    0
  380,20220629,   11,  140,   20,   20,   40,  257,     ,  120,   10,  312,    0,    0,10140,   82,    5,   42,     ,    5,    0,    0,    0,    0,    0
  380,20220629,   12,  230,   30,   20,   60,  266,  144,  131,   10,  329,    0,    0,10134,   81,    2,   43,     ,    5,    0,    0,    0,    0,    0
  380,20220629,   13,  160,   30,   20,   70,  275,     ,  122,    9,  299,    0,    0,10130,   82,    7,   38,     ,    5,    0,    0,    0,    0,    0
  380,20220629,   14,  130,   20,   20,   50,  267,     ,  122,   10,  317,    0,    0,10128,   82,    1,   40,     ,    5,    0,    0,    0,    0,    0
  380,20220629,   15,  990,   20,   10,   50,  262,     ,  116,    6,  171,    0,    0,10124,   83,    3,   40,     ,    5,    0,    0,    0,    0,    0
  380,20220629,   16,  110,   10,   20,   40,  257,     ,  138,    5,  113,    0,    0,10120,   82,    8,   47,     ,    5,    0,    0,    0,    0,    0
  380,20220629,   17,  990,   10,   10,   30,  262,     ,  121,    5,   77,    0,    0,10117,   82,    4,   41,     ,    5,    0,    0,    0,    0,    0
  380,20220629,   18,   70,   10,   10,   30,  251,  233,  134,    1,   39,    0,    0,10114,   83,    7,   48,     ,    5,    0,    0,    0,    0,    0
  380,20220629,   19,  110,   10,   20,   30,  243,     ,  143,    2,   20,    0,    0,10114,   83,    8,   53,     ,    5,    0,    0,    0,    0,    0
  380,20220629,   20,  260,   10,   10,   20,  240,     ,  121,    0,    3,    0,    0,10117,   81,    7,   47,     ,    5,    0,    0,    0,    0,    0
  380,20220629,   21,   90,   10,   10,   20,  213,     ,  136,    0,    0,    0,    0,10117,   74,    0,   61,     ,    5,    0,    0,    0,    0,    0
  380,20220629,   22,  100,   10,   10,   20,  196,     ,  139,    0,    0,    0,    0,10117,   80,    3,   69,     ,    5,    0,    0,    0,    0,    0
  380,20220629,   23,  170,   10,   10,   20,  189,     ,  140,    0,    0,    0,    0,10117,   75,    0,   73,     ,    5,    0,    0,    0,    0,    0
  380,20220629,   24,  180,   10,   30,   30,  170,  128,  136,    0,    0,    0,    0,10113,   20,    0,   80,   10,    7,    0,    0,    0,    0,    0
  380,20220630,    1,  170,   30,   30,   30,  179,     ,  135,    0,    0,    0,    0,10111,   75,    2,   75,     ,    5,    0,    0,    0,    0,    0
  380,20220630,    2,  190,   20,   30,   30,  163,     ,  128,    0,    0,    0,    0,10113,   75,    0,   79,     ,    5,    0,    0,    0,    0,    0
  380,20220630,    3,  190,   30,   30,   40,  163,     ,  129,    0,    0,    0,    0,10111,   75,    0,   80,     ,    5,    0,    0,    0,    0,    0
  380,20220630,    4,  210,   20,   30,   40,  154,     ,  130,    0,    3,    0,    0,10112,   70,    0,   85,     ,    5,    0,    0,    0,    0,    0
  380,20220630,    5,  240,   30,   30,   50,  170,     ,  132,   10,   29,    0,    0,10115,   75,    0,   77,     ,    5,    0,    0,    0,    0,    0
  380,20220630,    6,  230,   30,   40,   60,  172,  119,  142,   10,   77,    0,    0,10116,   70,    0,   82,     ,    5,    0,    0,    0,    0,    0
  380,20220630,    7,  240,   40,   40,   60,  182,     ,  149,   10,  129,    0,    0,10121,   66,    2,   80,     ,    5,    0,    0,    0,    0,    0
  380,20220630,    8,  250,   40,   30,   60,  195,     ,  157,   10,  182,    0,    0,10122,   69,    8,   78,     ,    5,    0,    0,    0,    0,    0
  380,20220630,    9,  250,   30,   20,   60,  217,     ,  161,   10,  223,    0,    0,10122,   71,    8,   70,     ,    5,    0,    0,    0,    0,    0
  380,20220630,   10,  260,   20,   30,   50,  222,     ,  159,    9,  268,    0,    0,10122,   79,    6,   67,     ,    5,    0,    0,    0,    0,    0
  380,20220630,   11,  280,   30,   30,   60,  231,     ,  153,    5,  246,    0,    0,10120,   75,    8,   61,     ,    5,    0,    0,    0,    0,    0
  380,20220630,   12,  330,   30,   30,   70,  239,  190,  157,    6,  277,    0,    0,10113,   75,    8,   59,     ,    5,    0,    0,    0,    0,    0
  380,20220630,   13,  350,   30,   20,   60,  247,     ,  150,    9,  306,    0,    0,10104,   79,    8,   54,     ,    5,    0,    0,    0,    0,    0
  380,20220630,   14,  310,   20,   30,   50,  251,     ,  161,    4,  213,    0,    0,10102,   80,    4,   57,     ,    5,    0,    0,    0,    0,    0
  380,20220630,   15,  270,   40,   70,  100,  223,     ,  154,    5,  170,    0,    0,10106,   81,    8,   64,     ,    5,    0,    0,    0,    0,    0
  380,20220630,   16,  250,   70,   50,  130,  164,     ,  128,    4,   90,    2,    2,10134,   66,    8,   79,   92,    7,    0,    1,    0,    1,    0
  380,20220630,   17,  270,   70,   50,  130,  137,     ,  123,    1,   28,    3,    4,10133,   65,    8,   91,   81,    7,    0,    1,    0,    1,    0
  380,20220630,   18,  220,   40,   30,   80,  136,  141,  129,    0,    8,   10,   31,10137,   63,    8,   95,   61,    7,    0,    1,    0,    1,    0
  380,20220630,   19,  260,   30,   20,   70,  136,     ,  124,    0,    6,    2,    1,10142,   65,    8,   92,   23,    7,    0,    1,    0,    0,    0
  380,20220630,   20,  250,   20,   30,   50,  135,     ,  124,    0,    1,    0,   -1,10144,   65,    8,   93,   23,    7,    0,    1,    0,    0,    0
  380,20220630,   21,  250,   30,   30,   60,  132,     ,  123,    0,    0,    0,   -1,10152,   65,    8,   94,   23,    7,    0,    1,    0,    0,    0
  380,20220630,   22,  230,   30,   30,   50,  129,     ,  120,    0,    0,    0,    0,10160,   65,    8,   94,     ,    5,    0,    0,    0,    0,    0
  380,20220630,   23,  200,   20,   20,   40,  132,     ,  123,    0,    0,    0,    0,10159,   64,    8,   94,     ,    5,    0,    0,    0,    0,    0
  380,20220630,   24,  220,   20,   30,   40,  131,  124,  121,    0,    0,    0,    0,10158,   64,    8,   93,    2,    7,    0,    0,    0,    0,    0
  380,20220701,    1,  200,   40,   30,   60,  128,     ,  117,    0,    0,    0,    0,10161,   65,    8,   92,     ,    5,    0,    0,    0,    0,    0
  380,20220701,    2,  200,   30,   30,   50,  127,     ,  113,    0,    0,    0,    0,10164,   65,    8,   91,     ,    5,    0,    0,    0,    0,    0
  380,20220701,    3,  200,   30,   30,   50,  130,     ,  116,    0,    0,    0,    0,10167,   65,    8,   91,     ,    5,    0,    0,    0,    0,    0
  380,20220701,    4,  200,   30,   30,   50,  130,     ,  115,    0,    1,    0,    0,10173,   70,    8,   90,     ,    5,    0,    0,    0,    0,    0
  380,20220701,    5,  230,   40,   40,   60,  133,     ,  115,    0,   10,    0,    0,10174,   70,    8,   89,     ,    5,    0,    0,    0,    0,    0
  380,20220701,    6,  230,   40,   50,   70,  136,  120,  117,    1,   34,    0,    0,10177,   70,    8,   88,     ,    5,    0,    0,    0,    0,    0
  380,20220701,    7,  230,   40,   40,   70,  146,     ,  121,    5,   88,    0,    0,10179,   70,    7,   85,     ,    5,    0,    0,    0,    0,    0
  380,20220701,    8,  240,   40,   40,   80,  163,     ,  118,    8,  145,    0,    0,10182,   75,    6,   74,     ,    5,    0,    0,    0,    0,    0
  380,20220701,    9,  240,   40,   40,   80,  168,     ,  112,    8,  187,    0,    0,10186,   80,    6,   69,     ,    5,    0,    0,    0,    0,    0
  380,20220701,   10,  210,   40,   50,   70,  181,     ,  106,    8,  249,    0,    0,10191,   80,    3,   61,     ,    5,    0,    0,    0,    0,    0
  380,20220701,   11,  250,   40,   50,   70,  187,     ,  108,    8,  281,    0,    0,10190,   81,    2,   60,     ,    5,    0,    0,    0,    0,    0
  380,20220701,   12,  220,   50,   60,  100,  198,  140,  112,    7,  275,    0,    0,10189,   82,    7,   57,     ,    5,    0,    0,    0,    0,    0
  380,20220701,   13,  240,   40,   40,   80,  195,     ,  107,    4,  190,    0,    0,10191,   81,    7,   56,     ,    5,    0,    0,    0,    0,    0
  380,20220701,   14,  240,   50,   40,   80,  193,     ,   90,    7,  236,    0,    0,10192,   82,    6,   51,     ,    5,    0,    0,    0,    0,    0
  380,20220701,   15,  240,   50,   50,   80,  206,     ,   85,   10,  260,    0,    0,10195,   81,    1,   45,     ,    5,    0,    0,    0,    0,    0
  380,20220701,   16,  230,   50,   50,  100,  208,     ,   88,   10,  191,    0,    0,10195,   82,    1,   46,     ,    5,    0,    0,    0,    0,    0
  380,20220701,   17,  260,   40,   40,   80,  205,     ,   74,   10,  160,    0,    0,10196,   83,    1,   42,     ,    5,    0,    0,    0,    0,    0
  380,20220701,   18,  240,   40,   40,   70,  191,  183,   65,    8,   94,    0,    0,10201,   82,    0,   43,     ,    5,    0,    0,    0,    0,    0
  380,20220701,   19,  270,   30,   30,   60,  183,     ,   87,    7,   31,    0,    0,10204,   82,    0,   53,     ,    5,    0,    0,    0,    0,    0
  380,20220701,   20,  260,   20,   10,   40,  166,     ,   87,    2,    6,    0,    0,10212,   81,    0,   59,     ,    5,    0,    0,    0,    0,    0
  380,20220701,   21,  180,   10,   10,   30,  150,     ,   92,    0,    0,    0,    0,10219,   80,    0,   68,     ,    5,    0,    0,    0,    0,    0
  380,20220701,   22,  180,   10,   10,   20,  144,     ,   94,    0,    0,    0,    0,10223,   75,    0,   71,     ,    5,    0,    0,    0,    0,    0
  380,20220701,   23,  160,   10,   10,   20,  131,     ,   94,    0,    0,    0,    0,10224,   75,    0,   78,     ,    5,    0,    0,    0,    0,    0
  380,20220701,   24,  170,   10,   20,   20,  129,   78,   91,    0,    0,    0,    0,10225,   75,    0,   77,     ,    5,    0,    0,    0,    0,    0
  380,20220702,    1,  160,   20,   10,   20,  117,     ,   89,    0,    0,    0,    0,10224,   70,    0,   82,     ,    5,    0,    0,    0,    0,    0
  380,20220702,    2,  170,   10,   10,   20,  113,     ,   88,    0,    0,    0,    0,10224,   70,    0,   84,     ,    5,    0,    0,    0,    0,    0
  380,20220702,    3,  170,   20,   20,   30,  113,     ,   82,    0,    0,    0,    0,10223,   70,    0,   81,     ,    5,    0,    0,    0,    0,    0
  380,20220702,    4,  170,   20,   30,   30,  118,     ,   84,    0,    3,    0,    0,10224,   75,    0,   79,     ,    5,    0,    0,    0,    0,    0
  380,20220702,    5,  180,   20,   20,   40,  130,     ,   92,   10,   31,    0,    0,10225,   75,    0,   77,     ,    5,    0,    0,    0,    0,    0
  380,20220702,    6,  210,   20,   10,   30,  150,   64,  100,   10,   82,    0,    0,10226,   75,    0,   72,     ,    5,    0,    0,    0,    0,    0
  380,20220702,    7,  210,   20,   20,   30,  174,     ,  100,   10,  140,    0,    0,10225,   82,    0,   62,     ,    5,    0,    0,    0,    0,    0
  380,20220702,    8,  200,   30,   30,   50,  199,     ,   99,   10,  195,    0,    0,10225,   81,    0,   52,     ,    5,    0,    0,    0,    0,    0
  380,20220702,    9,  190,   40,   40,   70,  213,     ,   93,   10,  248,    0,    0,10223,   81,    0,   46,     ,    5,    0,    0,    0,    0,    0
  380,20220702,   10,  170,   40,   30,   70,  224,     ,   86,   10,  293,    0,    0,10218,   80,    3,   41,     ,    5,    0,    0,    0,    0,    0
  380,20220702,   11,  190,   40,   40,   80,  226,     ,   83,   10,  305,    0,    0,10215,   82,    8,   40,     ,    5,    0,    0,    0,    0,    0
  380,20220702,   12,  210,   40,   40,   80,  236,  164,   86,    8,  279,    0,    0,10209,   81,    8,   38,     ,    5,    0,    0,    0,    0,    0
  380,20220702,   13,  200,   30,   30,   80,  249,     ,  102,   10,  326,    0,    0,10203,   80,    2,   39,     ,    5,    0,    0,    0,    0,    0
  380,20220702,   14,  180,   30,   30,   70,  245,     ,   97,   10,  277,    0,    0,10196,   81,    7,   39,     ,    5,    0,    0,    0,    0,    0
  380,20220702,   15,  220,   40,   30,   70,  248,     ,   89,   10,  264,    0,    0,10191,   82,    0,   36,     ,    5,    0,    0,    0,    0,    0
  380,20220702,   16,  240,   20,   20,   50,  254,     ,  108,   10,  197,    0,    0,10186,   82,    3,   39,     ,    5,    0,    0,    0,    0,    0
  380,20220702,   17,  270,   30,   40,   60,  249,     ,  108,    9,  149,    0,    0,10182,   83,    6,   41,     ,    5,    0,    0,    0,    0,    0
  380,20220702,   18,  300,   30,   20,   60,  226,  216,  108,    2,   53,    0,    0,10180,   83,    8,   47,     ,    5,    0,    0,    0,    0,    0
  380,20220702,   19,  320,   20,   20,   40,  214,     ,  110,    5,   41,    0,    0,10179,   83,    7,   51,     ,    5,    0,    0,    0,    0,    0
  380,20220702,   20,  340,   20,   20,   30,  196,     ,  114,    0,    4,    0,    0,10178,   83,    0,   59,     ,    5,    0,    0,    0,    0,    0
  380,20220702,   21,  350,   20,   20,   30,  190,     ,  110,    0,    0,    0,    0,10182,   83,    0,   59,     ,    5,    0,    0,    0,    0,    0
  380,20220702,   22,   60,   10,   10,   20,  180,     ,  115,    0,    0,    0,    0,10180,   80,    5,   65,     ,    5,    0,    0,    0,    0,    0
  380,20220702,   23,  110,   10,   10,   20,  169,     ,  114,    0,    0,    0,    0,10179,   75,    0,   70,     ,    5,    0,    0,    0,    0,    0
  380,20220702,   24,  140,   20,   10,   20,  153,  105,  113,    0,    0,    0,    0,10179,   75,    0,   76,     ,    5,    0,    0,    0,    0,    0
  380,20220703,    1,  140,   20,   10,   30,  158,     ,  111,    0,    0,    0,    0,10176,   75,    6,   73,     ,    5,    0,    0,    0,    0,    0
  380,20220703,    2,  170,   20,   20,   30,  140,     ,  110,    0,    0,    0,    0,10175,   70,    1,   82,     ,    5,    0,    0,    0,    0,    0
  380,20220703,    3,  270,   20,   20,   40,  140,     ,  112,    0,    0,    0,    0,10178,   70,    0,   83,     ,    5,    0,    0,    0,    0,    0
  380,20220703,    4,  210,   10,   20,   20,  124,     ,  110,    0,    2,    0,    0,10181,   65,    0,   91,     ,    5,    0,    0,    0,    0,    0
  380,20220703,    5,  210,   20,   20,   30,  140,     ,  113,    8,   27,    0,    0,10186,   70,    1,   84,     ,    5,    0,    0,    0,    0,    0
  380,20220703,    6,  220,   30,   30,   50,  160,   95,  118,   10,   79,    0,    0,10186,   75,    5,   76,     ,    5,    0,    0,    0,    0,    0
  380,20220703,    7,  230,   30,   30,   50,  177,     ,  118,   10,  131,    0,    0,10188,   80,    0,   68,     ,    5,    0,    0,    0,    0,    0
  380,20220703,    8,  230,   30,   30,   50,  191,     ,  114,   10,  191,    0,    0,10188,   82,    0,   61,     ,    5,    0,    0,    0,    0,    0
  380,20220703,    9,  240,   30,   30,   60,  206,     ,  107,   10,  244,    0,    0,10189,   82,    0,   53,     ,    5,    0,    0,    0,    0,    0
  380,20220703,   10,  260,   30,   30,   60,  216,     ,  126,   10,  285,    0,    0,10189,   82,    2,   56,     ,    5,    0,    0,    0,    0,    0
  380,20220703,   11,  230,   40,   50,   70,  227,     ,  126,   10,  310,    0,    0,10190,   81,    6,   52,     ,    5,    0,    0,    0,    0,    0
  380,20220703,   12,  270,   40,   40,   80,  215,  162,  122,    8,  299,    0,    0,10190,   81,    8,   55,     ,    5,    0,    0,    0,    0,    0
  380,20220703,   13,  260,   40,   40,   80,  220,     ,  114,    9,  291,    0,    0,10187,   80,    4,   50,     ,    5,    0,    0,    0,    0,    0
  380,20220703,   14,  260,   50,   50,  100,  232,     ,  119,    9,  275,    0,    0,10188,   80,    4,   49,     ,    5,    0,    0,    0,    0,    0
  380,20220703,   15,  270,   50,   40,  100,  232,     ,  112,    9,  248,    0,    0,10189,   80,    1,   46,     ,    5,    0,    0,    0,    0,    0
  380,20220703,   16,  270,   50,   60,   90,  226,     ,  100,   10,  213,    0,    0,10188,   81,    1,   44,     ,    5,    0,    0,    0,    0,    0
  380,20220703,   17,  280,   50,   50,   90,  222,     ,  105,   10,  163,    0,    0,10189,   81,    1,   47,     ,    5,    0,    0,    0,    0,    0
  380,20220703,   18,  300,   50,   40,   80,  209,  206,  101,   10,   99,    0,    0,10192,   81,    1,   50,     ,    5,    0,    0,    0,    0,    0
  380,20220703,   19,  320,   40,   40,   70,  191,     ,  103,   10,   44,    0,    0,10195,   82,    0,   56,     ,    5,    0,    0,    0,    0,    0
  380,20220703,   20,  320,   30,   20,   70,  166,     ,  102,    2,    8,    0,    0,10200,   80,    1,   65,     ,    5,    0,    0,    0,    0,    0
  380,20220703,   21,  330,   20,   20,   30,  157,     ,  101,    0,    0,    0,    0,10204,   80,    0,   69,     ,    5,    0,    0,    0,    0,    0
  380,20220703,   22,  300,   20,   20,   20,  145,     ,  100,    0,    0,    0,    0,10209,   75,    0,   74,     ,    5,    0,    0,    0,    0,    0
  380,20220703,   23,  310,   20,   20,   20,  138,     ,   97,    0,    0,    0,    0,10207,   75,    0,   76,     ,    5,    0,    0,    0,    0,    0
  380,20220703,   24,  280,   10,   10,   20,  130,   73,   96,    0,    0,    0,    0,10209,   75,    0,   79,     ,    5,    0,    0,    0,    0,    0
  380,20220704,    1,  190,   10,   10,   10,  123,     ,   93,    0,    0,    0,    0,10205,   70,    0,   82,     ,    5,    0,    0,    0,    0,    0
  380,20220704,    2,  190,   10,   20,   20,  117,     ,   91,    0,    0,    0,    0,10205,   70,    0,   83,     ,    5,    0,    0,    0,    0,    0
  380,20220704,    3,  190,   20,   20,   30,  110,     ,   89,    0,    0,    0,    0,10210,   70,    0,   86,     ,    5,    0,    0,    0,    0,    0
  380,20220704,    4,  180,   20,   20,   30,  112,     ,   93,    0,    2,    0,    0,10212,   70,    0,   88,     ,    5,    0,    0,    0,    0,    0
  380,20220704,    5,  190,   20,   20,   30,  131,     ,  104,   10,   30,    0,    0,10214,   70,    0,   83,     ,    5,    0,    0,    0,    0,    0
  380,20220704,    6,  190,   30,   30,   50,  146,   60,  111,   10,   80,    0,    0,10213,   75,    0,   79,     ,    5,    0,    0,    0,    0,    0
  380,20220704,    7,  210,   30,   30,   50,  170,     ,  119,   10,  137,    0,    0,10214,   75,    0,   71,     ,    5,    0,    0,    0,    0,    0
  380,20220704,    8,  230,   30,   30,   50,  188,     ,  118,   10,  192,    0,    0,10214,   81,    0,   63,     ,    5,    0,    0,    0,    0,    0
  380,20220704,    9,  230,   30,   30,   60,  201,     ,  110,   10,  245,    0,    0,10213,   81,    0,   55,     ,    5,    0,    0,    0,    0,    0
  380,20220704,   10,  250,   30,   30,   60,  214,     ,  106,   10,  284,    0,    0,10212,   81,    1,   50,     ,    5,    0,    0,    0,    0,    0
  380,20220704,   11,  270,   30,   30,   60,  221,     ,  101,   10,  301,    0,    0,10209,   81,    1,   46,     ,    5,    0,    0,    0,    0,    0
  380,20220704,   12,  230,   20,   30,   60,  229,  156,   95,    9,  282,    0,    0,10205,   77,    1,   42,     ,    5,    0,    0,    0,    0,    0
  380,20220704,   13,  260,   30,   40,   70,  224,     ,   96,    7,  271,    0,    0,10203,   82,    6,   44,     ,    5,    0,    0,    0,    0,    0
  380,20220704,   14,  240,   30,   30,   80,  235,     ,   90,    8,  281,    0,    0,10202,   81,    1,   39,     ,    5,    0,    0,    0,    0,    0
  380,20220704,   15,  280,   30,   40,   70,  237,     ,   94,    9,  226,    0,    0,10199,   81,    4,   40,     ,    5,    0,    0,    0,    0,    0
  380,20220704,   16,  250,   30,   30,   60,  243,     ,  100,   10,  206,    0,    0,10195,   81,    4,   40,     ,    5,    0,    0,    0,    0,    0
  380,20220704,   17,  260,   30,   30,   60,  235,     ,   86,   10,  163,    0,    0,10192,   81,    1,   38,     ,    5,    0,    0,    0,    0,    0
  380,20220704,   18,  270,   30,   20,   50,  226,  221,  100,    8,   91,    0,    0,10193,   82,    2,   44,     ,    5,    0,    0,    0,    0,    0
  380,20220704,   19,  260,   20,   20,   40,  216,     ,  100,   10,   45,    0,    0,10194,   80,    3,   47,     ,    5,    0,    0,    0,    0,    0
  380,20220704,   20,  260,   10,   10,   30,  194,     ,   99,    2,    4,    0,    0,10200,   80,    2,   54,     ,    5,    0,    0,    0,    0,    0
  380,20220704,   21,  340,   30,   40,   60,  181,     ,  121,    0,    0,    0,    0,10210,   80,    1,   67,     ,    5,    0,    0,    0,    0,    0
  380,20220704,   22,  340,   30,   20,   70,  164,     ,  119,    0,    0,    0,    0,10214,   75,    5,   74,     ,    5,    0,    0,    0,    0,    0
  380,20220704,   23,  300,   20,   10,   30,  151,     ,  116,    0,    0,    0,    0,10215,   75,    5,   79,     ,    5,    0,    0,    0,    0,    0
  380,20220704,   24,  280,   20,   20,   30,  149,  113,  117,    0,    0,    0,    0,10218,   75,    7,   80,     ,    5,    0,    0,    0,    0,    0
  380,20220705,    1,  320,   20,   20,   20,  140,     ,  111,    0,    0,    0,    0,10216,   70,    4,   82,     ,    5,    0,    0,    0,    0,    0
  380,20220705,    2,   10,   10,   10,   20,  147,     ,  112,    0,    0,    0,    0,10215,   75,    8,   79,     ,    5,    0,    0,    0,    0,    0
  380,20220705,    3,  190,   10,   10,   20,  139,     ,  114,    0,    0,    0,    0,10216,   66,    8,   84,     ,    5,    0,    0,    0,    0,    0
  380,20220705,    4,  170,   10,   20,   20,  126,     ,  107,    0,    2,    0,    0,10216,   70,    3,   88,     ,    5,    0,    0,    0,    0,    0
  380,20220705,    5,  210,   20,   20,   30,  140,     ,  105,   10,   28,    0,    0,10221,   75,    0,   79,     ,    5,    0,    0,    0,    0,    0
  380,20220705,    6,  310,   10,   10,   20,  158,   93,  105,   10,   78,    0,    0,10225,   75,    0,   71,     ,    5,    0,    0,    0,    0,    0
  380,20220705,    7,  250,   10,   10,   20,  176,     ,  105,   10,  134,    0,    0,10227,   78,    1,   63,     ,    5,    0,    0,    0,    0,    0
  380,20220705,    8,  990,   20,   10,   30,  196,     ,  103,    9,  186,    0,    0,10230,   81,    1,   55,     ,    5,    0,    0,    0,    0,    0
  380,20220705,    9,  320,   20,   20,   50,  203,     ,   99,   10,  243,    0,    0,10230,   79,    0,   51,     ,    5,    0,    0,    0,    0,    0
  380,20220705,   10,  250,   20,   20,   50,  216,     ,  104,    8,  234,    0,    0,10229,   83,    6,   48,     ,    5,    0,    0,    0,    0,    0
  380,20220705,   11,  260,   30,   30,   50,  227,     ,  100,    5,  198,    0,    0,10229,   80,    1,   44,     ,    5,    0,    0,    0,    0,    0
  380,20220705,   12,  300,   30,   40,   80,  222,  179,  103,    6,  254,    0,    0,10228,   83,    8,   46,     ,    5,    0,    0,    0,    0,    0
  380,20220705,   13,  280,   40,   40,   80,  231,     ,  104,    9,  304,    0,    0,10225,   82,    1,   44,     ,    5,    0,    0,    0,    0,    0
  380,20220705,   14,  300,   40,   40,   70,  222,     ,   95,    8,  268,    0,    0,10226,   81,    7,   44,     ,    5,    0,    0,    0,    0,    0
  380,20220705,   15,  310,   40,   40,   60,  207,     ,  107,    0,   61,    0,    0,10228,   82,    8,   52,     ,    5,    0,    0,    0,    0,    0
  380,20220705,   16,  350,   40,   50,   70,  217,     ,  113,    5,  111,    0,    0,10226,   82,    8,   51,     ,    5,    0,    0,    0,    0,    0
  380,20220705,   17,  320,   50,   40,   90,  201,     ,  106,    0,   47,    0,    0,10231,   83,    8,   54,     ,    5,    0,    0,    0,    0,    0
  380,20220705,   18,  330,   50,   50,   80,  191,  192,   95,    0,   41,    0,    0,10236,   83,    8,   53,     ,    5,    0,    0,    0,    0,    0
  380,20220705,   19,  320,   50,   40,   90,  177,     ,   90,    7,   30,    0,    0,10241,   83,    5,   56,     ,    5,    0,    0,    0,    0,    0
  380,20220705,   20,  310,   40,   30,   70,  163,     ,   83,    2,   11,    0,    0,10247,   80,    7,   58,     ,    5,    0,    0,    0,    0,    0
  380,20220705,   21,  330,   40,   30,   70,  148,     ,   85,    0,    0,    0,    0,10254,   80,    1,   66,     ,    5,    0,    0,    0,    0,    0
  380,20220705,   22,  310,   20,   10,   60,  126,     ,   89,    0,    0,    0,    0,10259,   75,    0,   78,     ,    5,    0,    0,    0,    0,    0
  380,20220705,   23,  290,   10,   20,   30,  119,     ,   86,    0,    0,    0,    0,10261,   75,    0,   80,     ,    5,    0,    0,    0,    0,    0
  380,20220705,   24,  300,   20,   20,   30,  111,   57,   83,    0,    0,    0,    0,10262,   70,    1,   82,     ,    5,    0,    0,    0,    0,    0
  380,20220706,    1,  310,   20,   20,   30,  103,     ,   79,    0,    0,    0,    0,10261,   70,    3,   84,     ,    5,    0,    0,    0,    0,    0
  380,20220706,    2,  310,   20,   20,   30,  100,     ,   80,    0,    0,    0,    0,10261,   70,    0,   87,     ,    5,    0,    0,    0,    0,    0
  380,20220706,    3,  290,   20,   20,   30,   97,     ,   80,    0,    0,    0,    0,10260,   70,    5,   89,     ,    5,    0,    0,    0,    0,    0
  380,20220706,    4,  290,   20,   10,   20,   98,     ,   81,    0,    2,    0,    0,10262,   70,    0,   88,     ,    5,    0,    0,    0,    0,    0
  380,20220706,    5,  210,   10,   10,   20,  108,     ,   90,    8,   28,    0,    0,10264,   70,    6,   88,     ,    5,    0,    0,    0,    0,    0
  380,20220706,    6,  230,   20,   20,   30,  133,   40,   90,   10,   79,    0,    0,10266,   75,    6,   75,     ,    5,    0,    0,    0,    0,    0
  380,20220706,    7,  280,   20,   20,   30,  152,     ,   90,    9,  119,    0,    0,10267,   80,    8,   67,     ,    5,    0,    0,    0,    0,    0
  380,20220706,    8,  300,   20,   30,   60,  171,     ,   74,    6,  161,    0,    0,10265,   82,    8,   52,     ,    5,    0,    0,    0,    0,    0
  380,20220706,    9,  310,   30,   30,   60,  175,     ,   73,    6,  181,    0,    0,10266,   81,    7,   51,     ,    5,    0,    0,    0,    0,    0
  380,20220706,   10,  340,   30,   20,   50,  189,     ,   77,    3,  178,    0,    0,10266,   82,    7,   48,     ,    5,    0,    0,    0,    0,    0
  380,20220706,   11,  320,   20,   30,   60,  188,     ,   73,    3,  206,    0,    0,10266,   81,    8,   47,     ,    5,    0,    0,    0,    0,    0
  380,20220706,   12,  330,   30,   20,   50,  198,  150,   76,    1,  185,    0,    0,10263,   82,    8,   45,     ,    5,    0,    0,    0,    0,    0
  380,20220706,   13,  300,   30,   20,   50,  200,     ,   79,    5,  240,    0,    0,10258,   82,    6,   45,     ,    5,    0,    0,    0,    0,    0
  380,20220706,   14,  270,   30,   30,   60,  209,     ,   86,    6,  231,    0,    0,10256,   82,    7,   45,     ,    5,    0,    0,    0,    0,    0
  380,20220706,   15,  230,   30,   40,   60,  215,     ,   93,    7,  204,    0,    0,10250,   82,    6,   45,     ,    5,    0,    0,    0,    0,    0
  380,20220706,   16,  280,   30,   40,   70,  207,     ,   92,    8,  195,    0,    0,10244,   81,    7,   47,     ,    5,    0,    0,    0,    0,    0
  380,20220706,   17,  270,   40,   40,   70,  210,     ,   98,    5,  110,    0,    0,10240,   82,    7,   48,     ,    5,    0,    0,    0,    0,    0
  380,20220706,   18,  290,   30,   30,   60,  201,  207,   98,    3,   62,    0,    0,10236,   82,    8,   51,     ,    5,    0,    0,    0,    0,    0
  380,20220706,   19,  250,   20,   20,   50,  192,     ,  108,    0,   16,    0,    0,10233,   82,    8,   57,     ,    5,    0,    0,    0,    0,    0
  380,20220706,   20,  270,   10,   10,   30,  180,     ,  110,    0,    5,    0,    0,10231,   82,    8,   63,     ,    5,    0,    0,    0,    0,    0
  380,20220706,   21,  260,   20,   20,   30,  184,     ,  115,    0,    0,    0,    0,10232,   83,    8,   64,     ,    5,    0,    0,    0,    0,    0
  380,20220706,   22,  250,   20,   10,   30,  180,     ,  121,    0,    0,    0,    0,10230,   80,    8,   68,     ,    5,    0,    0,    0,    0,    0
  380,20220706,   23,  260,   20,   20,   40,  176,     ,  120,    0,    0,    0,    0,10226,   80,    8,   69,     ,    5,    0,    0,    0,    0,    0
  380,20220706,   24,  240,   20,   30,   40,  172,  151,  125,    0,    0,    0,    0,10222,   75,    8,   73,     ,    5,    0,    0,    0,    0,    0
  380,20220707,    1,  220,   30,   30,   50,  173,     ,  125,    0,    0,    0,    0,10214,   75,    8,   73,     ,    5,    0,    0,    0,    0,    0
  380,20220707,    2,  240,   40,   40,   70,  171,     ,  130,    0,    0,    0,    0,10210,   75,    8,   76,     ,    5,    0,    0,    0,    0,    0
  380,20220707,    3,  250,   40,   30,   70,  171,     ,  133,    0,    0,    0,    0,10207,   75,    8,   78,     ,    5,    0,    0,    0,    0,    0
  380,20220707,    4,  250,   30,   30,   60,  170,     ,  136,    0,    0,    0,    0,10206,   75,    8,   80,     ,    5,    0,    0,    0,    0,    0
  380,20220707,    5,  250,   40,   40,   70,  170,     ,  138,    0,    5,    0,    0,10203,   70,    8,   81,     ,    5,    0,    0,    0,    0,    0
  380,20220707,    6,  280,   40,   40,  110,  159,  156,  149,    0,   16,    6,    1,10209,   65,    8,   93,   23,    7,    0,    1,    0,    0,    0
  380,20220707,    7,  300,   40,   40,   90,  160,     ,  147,    0,   42,    4,    3,10216,   65,    8,   91,   23,    7,    0,    1,    0,    0,    0
  380,20220707,    8,  320,   50,   50,  100,  171,     ,  136,    3,  104,    0,    0,10223,   75,    8,   79,     ,    5,    0,    0,    0,    0,    0
  380,20220707,    9,  300,   50,   60,   90,  176,     ,  124,    6,  145,    0,    0,10228,   75,    7,   71,    1,    7,    0,    0,    0,    0,    0
  380,20220707,   10,  300,   60,   40,  120,  170,     ,  124,    1,  130,    0,    0,10237,   75,    8,   74,     ,    5,    0,    0,    0,    0,    0
  380,20220707,   11,  310,   50,   40,   90,  172,     ,  125,    1,   74,    0,   -1,10245,   75,    8,   73,   81,    7,    0,    1,    0,    0,    0
  380,20220707,   12,  300,   50,   60,  110,  172,  162,  124,    1,   91,    0,   -1,10249,   75,    8,   73,   23,    7,    0,    1,    0,    0,    0
  380,20220707,   13,  300,   60,   50,  100,  173,     ,  129,    0,   70,    0,   -1,10253,   75,    8,   75,   23,    7,    0,    1,    0,    0,    0
  380,20220707,   14,  300,   50,   40,  100,  181,     ,  144,    1,   99,    0,   -1,10259,   75,    8,   78,   23,    7,    0,    1,    0,    0,    0
  380,20220707,   15,  310,   50,   50,  100,  187,     ,  123,    2,  146,    0,    0,10260,   80,    7,   66,    1,    7,    0,    0,    0,    0,    0
  380,20220707,   16,  320,   60,   60,  100,  193,     ,  116,    6,  119,    0,    0,10264,   80,    3,   60,     ,    5,    0,    0,    0,    0,    0
  380,20220707,   17,  310,   70,   70,  110,  184,     ,   97,    9,  127,    0,    0,10270,   80,    8,   56,     ,    5,    0,    0,    0,    0,    0
  380,20220707,   18,  320,   60,   50,  100,  171,  174,   86,    7,   89,    0,    0,10275,   80,    6,   57,    1,    7,    0,    0,    0,    0,    0
  380,20220707,   19,  310,   50,   50,   80,  166,     ,   95,    2,   20,    0,    0,10282,   80,    8,   62,     ,    5,    0,    0,    0,    0,    0
  380,20220707,   20,  320,   50,   40,   90,  152,     ,   93,    0,    5,    0,    0,10291,   80,    8,   67,     ,    5,    0,    0,    0,    0,    0
  380,20220707,   21,  320,   40,   30,   70,  147,     ,   95,    0,    0,    0,    0,10297,   75,    8,   71,     ,    5,    0,    0,    0,    0,    0
  380,20220707,   22,  320,   20,   20,   50,  147,     ,   96,    0,    0,    0,    0,10303,   75,    8,   71,     ,    5,    0,    0,    0,    0,    0
  380,20220707,   23,  340,   30,   20,   50,  145,     ,   93,    0,    0,    0,    0,10306,   75,    8,   71,     ,    5,    0,    0,    0,    0,    0
  380,20220707,   24,  320,   20,   20,   50,  138,  129,   95,    0,    0,    0,    0,10307,   75,    8,   75,     ,    5,    0,    0,    0,    0,    0
  380,20220708,    1,  310,   20,   20,   30,  120,     ,   94,    0,    0,    0,    0,10309,   70,    6,   83,     ,    5,    0,    0,    0,    0,    0
  380,20220708,    2,  320,   20,   20,   30,  115,     ,   91,    0,    0,    0,    0,10307,   70,    2,   85,     ,    5,    0,    0,    0,    0,    0
  380,20220708,    3,  310,   20,   20,   30,  112,     ,   92,    0,    0,    0,    0,10308,   70,    7,   87,     ,    5,    0,    0,    0,    0,    0
  380,20220708,    4,  320,   20,   30,   30,  111,     ,   91,    0,    1,    0,    0,10311,   70,    4,   87,     ,    5,    0,    0,    0,    0,    0
  380,20220708,    5,  320,   20,   20,   30,  122,     ,   98,    5,   25,    0,    0,10313,   70,    0,   84,     ,    5,    0,    0,    0,    0,    0
  380,20220708,    6,  320,   10,   20,   30,  142,   52,   98,   10,   78,    0,    0,10317,   75,    8,   75,     ,    5,    0,    0,    0,    0,    0
  380,20220708,    7,  340,   20,   20,   40,  161,     ,   92,   10,  136,    0,    0,10321,   80,    0,   63,     ,    5,    0,    0,    0,    0,    0
  380,20220708,    8,  320,   20,   20,   40,  164,     ,   93,   10,  181,    0,    0,10322,   79,    8,   63,     ,    5,    0,    0,    0,    0,    0
  380,20220708,    9,  250,   20,   20,   50,  184,     ,   93,    9,  241,    0,    0,10320,   80,    7,   55,     ,    5,    0,    0,    0,    0,    0
  380,20220708,   10,  270,   20,   20,   50,  193,     ,  100,    8,  267,    0,    0,10319,   79,    1,   54,     ,    5,    0,    0,    0,    0,    0
  380,20220708,   11,  330,   20,   20,   60,  217,     ,  110,    7,  231,    0,    0,10319,   76,    2,   50,     ,    5,    0,    0,    0,    0,    0
  380,20220708,   12,   10,   20,   30,   50,  221,  165,  105,    8,  296,    0,    0,10316,   81,    8,   47,     ,    5,    0,    0,    0,    0,    0
  380,20220708,   13,   70,   30,   30,   60,  231,     ,  113,    9,  320,    0,    0,10313,   80,    7,   47,     ,    5,    0,    0,    0,    0,    0
  380,20220708,   14,  340,   30,   30,   60,  238,     ,  116,    9,  278,    0,    0,10310,   82,    2,   46,     ,    5,    0,    0,    0,    0,    0
  380,20220708,   15,  340,   30,   30,   50,  237,     ,  121,    6,  187,    0,    0,10308,   82,    8,   48,     ,    5,    0,    0,    0,    0,    0
  380,20220708,   16,  350,   30,   30,   60,  233,     ,  124,    5,  123,    0,    0,10304,   82,    6,   50,     ,    5,    0,    0,    0,    0,    0
  380,20220708,   17,  340,   30,   30,   60,  228,     ,  122,    1,   84,    0,    0,10302,   82,    8,   51,     ,    5,    0,    0,    0,    0,    0
  380,20220708,   18,  360,   20,   20,   40,  224,  228,  122,    3,   49,    0,    0,10297,   83,    5,   52,     ,    5,    0,    0,    0,    0,    0
  380,20220708,   19,  340,   20,   20,   40,  217,     ,  129,   10,   41,    0,    0,10295,   82,    4,   57,     ,    5,    0,    0,    0,    0,    0
  380,20220708,   20,  350,   20,   20,   30,  200,     ,  127,    2,    6,    0,    0,10296,   82,    8,   63,     ,    5,    0,    0,    0,    0,    0
  380,20220708,   21,  340,   20,   20,   20,  187,     ,  124,    0,    0,    0,    0,10297,   80,    8,   66,     ,    5,    0,    0,    0,    0,    0
  380,20220708,   22,  310,   10,   10,   20,  173,     ,  122,    0,    0,    0,    0,10296,   75,    8,   72,     ,    5,    0,    0,    0,    0,    0
  380,20220708,   23,  210,   10,   10,   20,  160,     ,  120,    0,    0,    0,    0,10292,   75,    8,   77,     ,    5,    0,    0,    0,    0,    0
  380,20220708,   24,  210,   20,   20,   30,  151,   96,  125,    0,    0,    0,    0,10290,   70,    8,   84,     ,    5,    0,    0,    0,    0,    0
  380,20220709,    1,  190,   20,   20,   30,  144,     ,  121,    0,    0,    0,    0,10286,   70,    8,   86,     ,    5,    0,    0,    0,    0,    0
  380,20220709,    2,  210,   20,   20,   30,  139,     ,  120,    0,    0,    0,    0,10285,   70,    8,   87,     ,    5,    0,    0,    0,    0,    0
  380,20220709,    3,  200,   20,   20,   30,  129,     ,  116,    0,    0,    0,    0,10281,   65,    8,   92,     ,    5,    0,    0,    0,    0,    0
  380,20220709,    4,  200,   30,   20,   40,  126,     ,  117,    0,    2,    0,    0,10281,   65,    8,   93,     ,    5,    0,    0,    0,    0,    0
  380,20220709,    5,  200,   30,   20,   40,  144,     ,  128,    7,   25,    0,    0,10281,   70,    0,   90,     ,    5,    0,    0,    0,    0,    0
  380,20220709,    6,  200,   20,   30,   40,  165,  103,  135,   10,   80,    0,    0,10279,   70,    5,   82,     ,    5,    0,    0,    0,    0,    0
  380,20220709,    7,  230,   20,   20,   30,  191,     ,  148,   10,  125,    0,    0,10279,   67,    7,   76,     ,    5,    0,    0,    0,    0,    0
  380,20220709,    8,  260,   20,   20,   40,  200,     ,  140,    2,  124,    0,    0,10279,   76,    8,   68,     ,    5,    0,    0,    0,    0,    0
  380,20220709,    9,  190,   20,   20,   40,  225,     ,  148,    7,  192,    0,    0,10276,   75,    6,   62,     ,    5,    0,    0,    0,    0,    0
  380,20220709,   10,  260,   20,   30,   60,  229,     ,  144,    6,  239,    0,    0,10270,   81,    8,   58,     ,    5,    0,    0,    0,    0,    0
  380,20220709,   11,  250,   30,   30,   70,  226,     ,  136,    3,  180,    0,    0,10268,   80,    7,   56,     ,    5,    0,    0,    0,    0,    0
  380,20220709,   12,  270,   40,   50,   80,  233,  184,  145,    3,  164,    0,    0,10263,   82,    5,   57,     ,    5,    0,    0,    0,    0,    0
  380,20220709,   13,  320,   50,   70,  100,  217,     ,  144,    3,  147,    0,    0,10263,   75,    7,   63,     ,    5,    0,    0,    0,    0,    0
  380,20220709,   14,  310,   60,   60,  100,  235,     ,  133,    5,  199,    0,    0,10260,   81,    7,   52,     ,    5,    0,    0,    0,    0,    0
  380,20220709,   15,  330,   60,   60,  100,  227,     ,  123,    7,  205,    0,    0,10261,   82,    7,   51,     ,    5,    0,    0,    0,    0,    0
  380,20220709,   16,  330,   60,   60,  100,  223,     ,  109,   10,  225,    0,    0,10260,   82,    8,   48,     ,    5,    0,    0,    0,    0,    0
  380,20220709,   17,  320,   50,   50,   90,  215,     ,  105,   10,  146,    0,    0,10262,   82,    8,   49,     ,    5,    0,    0,    0,    0,    0
  380,20220709,   18,  320,   50,   40,   90,  202,  204,   97,   10,   84,    0,    0,10262,   82,    8,   50,     ,    5,    0,    0,    0,    0,    0
  380,20220709,   19,  360,   40,   60,  100,  189,     ,  116,    5,   25,    0,    0,10264,   83,    8,   62,     ,    5,    0,    0,    0,    0,    0
  380,20220709,   20,  350,   60,   50,  110,  167,     ,  101,    0,    4,    0,    0,10273,   66,    8,   65,     ,    5,    0,    0,    0,    0,    0
  380,20220709,   21,   10,   50,   50,   90,  152,     ,   95,    0,    0,    0,    0,10279,   80,    8,   68,     ,    5,    0,    0,    0,    0,    0
  380,20220709,   22,  360,   40,   30,   80,  140,     ,   95,    0,    0,    0,    0,10279,   75,    8,   74,     ,    5,    0,    0,    0,    0,    0
  380,20220709,   23,  350,   30,   30,   50,  128,     ,   92,    0,    0,    0,    0,10277,   75,    1,   78,     ,    5,    0,    0,    0,    0,    0
  380,20220709,   24,  350,   20,   20,   50,  121,   88,   88,    0,    0,    0,    0,10279,   75,    0,   80,     ,    5,    0,    0,    0,    0,    0
  380,20220710,    1,  340,   20,   20,   30,  113,     ,   87,    0,    0,    0,    0,10277,   70,    8,   84,     ,    5,    0,    0,    0,    0,    0
  380,20220710,    2,  320,   20,   20,   30,  110,     ,   90,    0,    0,    0,    0,10271,   70,    6,   87,     ,    5,    0,    0,    0,    0,    0
  380,20220710,    3,  300,   20,   20,   20,  103,     ,   87,    0,    0,    0,    0,10271,   70,    1,   89,     ,    5,    0,    0,    0,    0,    0
  380,20220710,    4,  300,   10,   10,   20,  102,     ,   88,    0,    1,    0,    0,10271,   65,    8,   91,     ,    5,    0,    0,    0,    0,    0
  380,20220710,    5,  300,   10,   10,   30,  124,     ,   98,    2,   18,    0,    0,10270,   70,    5,   84,     ,    5,    0,    0,    0,    0,    0
  380,20220710,    6,  990,   10,   10,   30,  132,   50,   99,    0,   28,    0,    0,10271,   75,    8,   80,     ,    5,    0,    0,    0,    0,    0
  380,20220710,    7,  990,   10,   10,   20,  144,     ,  107,    0,   41,    0,    0,10274,   75,    8,   78,     ,    5,    0,    0,    0,    0,    0
  380,20220710,    8,  320,   20,   20,   30,  153,     ,  102,    0,   65,    0,    0,10274,   75,    8,   71,     ,    5,    0,    0,    0,    0,    0
  380,20220710,    9,  990,   20,   10,   30,  167,     ,  105,    0,  108,    0,    0,10272,   80,    8,   67,     ,    5,    0,    0,    0,    0,    0
  380,20220710,   10,  320,   20,   20,   50,  171,     ,  103,    1,  128,    0,    0,10269,   81,    8,   64,     ,    5,    0,    0,    0,    0,    0
  380,20220710,   11,  340,   30,   30,   50,  182,     ,  110,    2,  158,    0,    0,10268,   81,    7,   62,     ,    5,    0,    0,    0,    0,    0
  380,20220710,   12,  290,   30,   30,   50,  179,  137,  114,    1,  110,    0,    0,10265,   80,    8,   65,     ,    5,    0,    0,    0,    0,    0
  380,20220710,   13,  280,   30,   20,   50,  202,     ,  117,    3,  203,    0,    0,10263,   80,    4,   57,     ,    5,    0,    0,    0,    0,    0
  380,20220710,   14,  330,   30,   30,   60,  198,     ,  119,    2,  135,    0,    0,10261,   83,    8,   60,     ,    5,    0,    0,    0,    0,    0
  380,20220710,   15,  320,   30,   30,   60,  206,     ,  118,    4,  179,    0,    0,10257,   81,    8,   57,     ,    5,    0,    0,    0,    0,    0
  380,20220710,   16,  320,   30,   30,   50,  206,     ,  125,    0,   71,    0,    0,10254,   82,    8,   59,     ,    5,    0,    0,    0,    0,    0
  380,20220710,   17,  300,   30,   20,   50,  202,     ,  127,    0,   42,    0,    0,10249,   83,    8,   62,     ,    5,    0,    0,    0,    0,    0
  380,20220710,   18,  340,   20,   20,   40,  204,  209,  122,    0,   41,    0,    0,10247,   83,    8,   59,     ,    5,    0,    0,    0,    0,    0
  380,20220710,   19,  340,   20,   20,   50,  198,     ,  122,    7,   29,    0,    0,10246,   82,    8,   61,     ,    5,    0,    0,    0,    0,    0
  380,20220710,   20,  300,   20,   20,   30,  183,     ,  117,    2,    6,    0,    0,10245,   80,    7,   65,     ,    5,    0,    0,    0,    0,    0
  380,20220710,   21,  300,   20,   20,   30,  177,     ,  119,    0,    0,    0,    0,10247,   80,    8,   68,     ,    5,    0,    0,    0,    0,    0
  380,20220710,   22,  320,   20,   20,   30,  166,     ,  122,    0,    0,    0,    0,10249,   75,    8,   75,     ,    5,    0,    0,    0,    0,    0
  380,20220710,   23,  310,   20,   20,   30,  156,     ,  121,    0,    0,    0,    0,10246,   75,    8,   80,     ,    5,    0,    0,    0,    0,    0
  380,20220710,   24,  350,   20,   20,   30,  149,  107,  121,    0,    0,    0,    0,10243,   70,    8,   83,     ,    5,    0,    0,    0,    0,    0
  380,20220711,    1,  350,   10,   10,   30,  138,     ,  122,    0,    0,    0,    0,10241,   70,    5,   90,     ,    5,    0,    0,    0,    0,    0
  380,20220711,    2,    0,   10,    0,   20,  136,     ,  116,    0,    0,    0,    0,10238,   68,    7,   87,     ,    5,    0,    0,    0,    0,    0
  380,20220711,    3,  280,   10,   10,   20,  134,     ,  122,    0,    0,    0,    0,10239,   65,    7,   92,     ,    5,    0,    0,    0,    0,    0
  380,20220711,    4,  290,   10,   10,   10,  130,     ,  121,    0,    1,    0,    0,10240,   65,    8,   94,     ,    5,    0,    0,    0,    0,    0
  380,20220711,    5,  360,   10,   20,   30,  152,     ,  137,    8,   29,    0,    0,10242,   64,    7,   90,     ,    5,    0,    0,    0,    0,    0
  380,20220711,    6,  330,   10,   10,   30,  154,   75,  136,    0,   37,    0,    0,10245,   64,    8,   88,     ,    5,    0,    0,    0,    0,    0
  380,20220711,    7,  360,   20,   20,   30,  165,     ,  139,    0,   49,    0,    0,10246,   70,    8,   84,     ,    5,    0,    0,    0,    0,    0
  380,20220711,    8,  310,   10,   10,   30,  176,     ,  140,    0,   80,    0,    0,10246,   75,    8,   79,     ,    5,    0,    0,    0,    0,    0
  380,20220711,    9,  360,   10,   10,   30,  179,     ,  143,    0,   72,    0,    0,10247,   75,    8,   79,     ,    5,    0,    0,    0,    0,    0
  380,20220711,   10,  330,   20,   20,   40,  181,     ,  144,    0,   59,    0,    0,10246,   75,    8,   79,     ,    5,    0,    0,    0,    0,    0
  380,20220711,   11,  330,   20,   30,   40,  185,     ,  147,    0,   84,    0,    0,10249,   75,    8,   78,     ,    5,    0,    0,    0,    0,    0
  380,20220711,   12,  340,   20,   20,   50,  191,  165,  143,    0,  134,    0,    0,10248,   75,    8,   73,     ,    5,    0,    0,    0,    0,    0
  380,20220711,   13,  350,   20,   20,   40,  198,     ,  147,    0,   79,    0,    0,10246,   75,    8,   72,     ,    5,    0,    0,    0,    0,    0
  380,20220711,   14,  990,   20,   10,   40,  204,     ,  147,    0,  100,    0,    0,10246,   80,    8,   69,     ,    5,    0,    0,    0,    0,    0
  380,20220711,   15,   70,   20,   20,   40,  205,     ,  144,    0,   87,    0,    0,10244,   80,    8,   68,     ,    5,    0,    0,    0,    0,    0
  380,20220711,   16,   70,   20,   20,   40,  209,     ,  140,    0,  101,    0,    0,10242,   80,    8,   64,     ,    5,    0,    0,    0,    0,    0
  380,20220711,   17,   40,   20,   20,   40,  210,     ,  142,    0,   66,    0,    0,10241,   80,    7,   65,     ,    5,    0,    0,    0,    0,    0
  380,20220711,   18,   70,   30,   20,   60,  207,  209,  137,    4,   62,    0,    0,10238,   82,    8,   64,     ,    5,    0,    0,    0,    0,    0
  380,20220711,   19,   60,   20,   20,   40,  196,     ,  140,    7,   26,    0,    0,10238,   80,    8,   69,     ,    5,    0,    0,    0,    0,    0
  380,20220711,   20,   70,   10,   10,   20,  171,     ,  138,    2,    5,    0,    0,10241,   70,    8,   81,     ,    5,    0,    0,    0,    0,    0
  380,20220711,   21,   70,   10,   10,   20,  159,     ,  135,    0,    0,    0,    0,10244,   70,    8,   85,     ,    5,    0,    0,    0,    0,    0
  380,20220711,   22,   70,   10,   20,   20,  160,     ,  133,    0,    0,    0,    0,10246,   70,    8,   83,     ,    5,    0,    0,    0,    0,    0
  380,20220711,   23,   80,   10,   10,   10,  151,     ,  134,    0,    0,    0,    0,10248,   70,    8,   89,     ,    5,    0,    0,    0,    0,    0
  380,20220711,   24,  110,   10,   10,   20,  143,   81,  130,    0,    0,    0,    0,10246,   65,    5,   92,     ,    5,    0,    0,    0,    0,    0
